	Number	lat	long	country
University of Innsbruck	1	47.26335419999999	11.3838006	Austria
University of Louisiana At Monroe	1	32.5309807	-92.068731	United States
University E Anglia	2	52.6219215	1.2391761	United Kingdom
Princeton University	15	40.3439888	-74.6514481	United States
University Helsinki	5	60.1726348	24.9510419	Finland
University of New Mexico	5	35.0843187	-106.6197812	United States
University Sydney	5	-33.888584	151.1873473	Australia
Nanjing Agr University	1	32.0377214	118.8462874	China
University Munich	4	48.150806	11.58043	Germany
University of Pittsburgh Medical Center Upmc	1	40.4425937	-79.961006	United States
University Calif Riverside	2	33.9737055	-117.3280644	United States
University Calif Santa Barbara	4	34.4139629	-119.848947	United States
University of Liverpool	5	53.405936	-2.9655722	United Kingdom
University Nacional De Educación A Distancia	1	40.4380788	-3.7037157	Spain
Aston University	3	52.4869104	-1.8878984	United Kingdom
University Autonoma Barcelona	3	41.5014238	2.1026845	Spain
Netherlands Leiden University	1	52.1571485	4.485209	Netherlands
University Nice	2	43.7169034	7.266587400000001	France
University of Newcastle	1	-32.8927718	151.7041775	Australia
Stephen F Austin State Universityersitytx	7	31.6219236	-94.6462581	United States
Faculty of World Economy And International Affairs State University	1	42.350477	-71.098905	United States
St Bonaventure University	1	42.0784113	-78.48288219999999	United States
University Las Palmas Gran Canaria	2	28.0990409	-15.4198576	Spain
University De Buenos Aires	1	-34.5998875	-58.37306949999999	Argentina
National Tsing Hua University	1	24.7947253	120.9932316	Taiwan
University of Angers And Sorbonne Nouvelle	2	48.83979619999999	2.3538807	France
University of Rome 3	2	41.862585	12.479095	Italy
University of Surrey	1	51.2421839	-0.5905421	United Kingdom
Romanianamerican University	1	44.4735424	26.0656321	Romania
Goetheuniversityersität	1			
Natl Chung Hsing University	1	24.123552	120.675326	Taiwan
University of Madeira	1	32.6499611	-16.9094077	Portugal
University Halle Wittenberg	1	51.4861319	11.9695315	Germany
Grand Valley State University	1	42.9639355	-85.8889465	United States
Northwestern University	17	42.0564594	-87.67526699999999	United States
Saint Louis University	1	38.6354598	-90.23382319999999	United States
University of Fribourg	2	46.806357	7.152006	Switzerland
University of Bielefeld	2	52.0378003	8.4947571	Germany
University Coll Dublin	8	53.3053439	-6.220654	Ireland
University Square	2	40.5703193	-105.0774519	United States
Universityersità Di Bologna	1	44.4964362	11.3484037	Italy
University Bari	1	41.1205546	16.8684745	Italy
University Delaware	5	39.6779504	-75.7506114	United States
Aberystwyth University	9	52.4182818	-4.063887	United Kingdom
University Exeter	10	50.7371369	-3.5351475	United Kingdom
Vaxjo University	1	56.8556518	14.8285337	Sweden
University Pisa	3	43.7167235	10.3988593	Italy
Spanish Open University Uned	1	40.4380788	-3.7037157	Spain
West Virginia University	2	39.6361396	-79.95593579999999	United States
Aarhus University	8	56.1681384	10.2030118	Denmark
University De Chile	1	-33.4445204	-70.6509277	Chile
International Islamic University Malaysia	2	3.2513186	101.7362005	Malaysia
University of Leipzig	1	51.3385738	12.3784615	Germany
Natl Taiwan Ocean University	1	25.1508552	121.7726863	Taiwan
University of Winchester	2	51.059422	-1.325991	United Kingdom
American University Washington College of Law	1	38.9459381	-77.0797994	United States
Parma University	1	41.3818257	-81.7314371	United States
Universityersität Zu Köln	2			
Universityersité De Savoie	1			
University Nice Sophia Antipolis	8	43.7169034	7.266587400000001	France
Bucharest University Econ Studies	1	44.4475513	26.0967866	Romania
Bangor University	3	53.2295205	-4.1299873	United Kingdom
University Tampere	3	61.49374479999999	23.7787354	Finland
State University of New York	7	41.7390054	-74.0851655	United States
Johns Hopkins University	38	39.3299013	-76.6205177	United States
Macau The Hong Kong Polytechnic University	1	22.1935418	113.5518421	Macau
University of Ghent	2	51.0465619	3.727918099999999	Belgium
University of Berne	4	46.9504896	7.438119	Switzerland
St Louis University	1	38.6354598	-90.23382319999999	United States
Bioterra University	1	44.4991089	26.0649128	Romania
University Autonoma Madrid	8	40.5466983	-3.6943619	Spain
Med University Innsbruck	1	47.2626944	11.3849579	Austria
Royal University For Women	1	26.101492	50.551438	Bahrain
George Washington University Competition Law Center	2	38.8990984	-77.0451293	United States
Domaine Universityersitaire	1			
University of Augsburg	3	48.3322469	10.8960759	Germany
Free University Berlin	11	52.4525264	13.2896787	Germany
Rmit University	2	-37.80792	144.9645015	Australia
Carl Von Ossietzky University Oldenburg	1	53.1488817	8.1819471	Germany
Brussels Free University	1	50.8132068	4.3822222	Belgium
University De Los Andes	1	4.6014855	-74.06644570000002	Colombia
Switzerland University Bern	1	46.9504896	7.438119	Switzerland
University Utah	2	40.7649368	-111.8421021	United States
University Lincolnshire	1	39.807212	-75.9273377	United States
University of The West of Scotland	1	55.780579	-4.048151	United Kingdom
University Bergen	2	60.3878586	5.3217549	Norway
University Trento	1	46.0667967	11.1231165	Italy
University of Lisbon	3	38.7526578	-9.158244999999999	Portugal
Spain Oregon State University	1	44.5637806	-123.2794443	United States
National Taiwan Ocean University	2	25.1508552	121.7726863	Taiwan
University of Applied Sciences	1	43.660131	-79.3959928	Canada
University Swansea	1	51.6106075	-3.9763939	United Kingdom
Urban Studies At Universityersité Paris Ouest Nanterre La Défense	1	48.90339900000001	2.211274	France
University Ljubljana	2	46.0491938	14.5041552	Slovenia
Keio University	1	35.6489643	139.7429376	Japan
University of South Florida	6	28.0587031	-82.41385389999999	United States
The State University of New Jersey	1	40.4981958	-74.44679579999999	United States
Goethe University Frankfurt	4	50.1270675	8.6677635	Germany
University Piemonte Orientale	1	45.3276034	8.4244182	Italy
University of Tennessee At Chattanooga	1	35.0464068	-85.2944703	United States
University of Cape Town	1	-33.957652	18.4611991	South Africa
Canterbury Christ Church University	3	51.277939	1.090659	United Kingdom
Amer University Paris	1	48.8593229	2.3038928	France
Lorraine University	1	48.6962743	6.1764664	France
University Seychelles	1	-4.7403938	55.5153753	Seychelles
Bowling Green State University	3	41.3797788	-83.6300826	United States
Norwich University Arts	1	52.63031179999999	1.2966966	United Kingdom
University Utrecht	1	52.0901527	5.1226018	Netherlands
Mcgill University	19	45.50478469999999	-73.5771511	Canada
University De Castillala Mancha	2	38.99404390000001	-3.9204979	Spain
University of Leeds	13	53.8066815	-1.5550328	United Kingdom
De Monfort University	1	52.62978	-1.13937	United Kingdom
University College Cork	11	51.89210989999999	-8.493273700000001	Ireland
Natl University Ireland University Coll Cork	2	51.89210989999999	-8.493273700000001	Ireland
University Malaga	1	36.7199506	-4.4160927	Spain
University of Leiden	3	52.1571485	4.485209	Netherlands
University De Granada	5	37.1846223	-3.6006329	Spain
Aristotle University of Thessaloniki	2	40.6308283	22.9592224	Greece
University of Southern Maine	1	43.6622484	-70.2756936	United States
Johns Hopkins Universityersitys School of Advanced International Studies	1	38.90813	-77.040279	United States
Loyola University Maryland	1	39.3476737	-76.6172375	United States
Poznan University Tech	1	52.3943066	16.9181951	Poland
University Illinois At Urbanachampaign	1	40.1019523	-88.2271615	United States
University of Barcelona	3	41.386608	2.16402	Spain
Valdosta State University	2	30.84911499999999	-83.289214	United States
Harvard University	45	42.3770029	-71.11666009999999	United States
Radboud University	1	51.8193148	5.8568877	Netherlands
University of Denver	3	39.6766174	-104.9618965	United States
University Santiago Compostela	1	42.8885225	-8.5449726	Spain
University of Aberdeen	5	57.16475999999999	-2.1015257	United Kingdom
Heinrichheineuniversityersity Düsseldorf	1	51.19242939999999	6.7936814	Germany
University of Massachusettsamherst	1	42.3911569	-72.5267121	United States
New Mexico State University	1	32.2787745	-106.7479059	United States
University Victoria	4	48.4634067	-123.3116935	Canada
University of Bradford	1	53.791435	-1.7661746	United Kingdom
University Pittsburgh	10	40.4443533	-79.960835	United States
Macquarie University And Vu University Amsterdam	1			
University of Valencia	3	39.4793254	-0.3593863	Spain
Old Dominion University	6	36.8856104	-76.3067777	United States
Carnegie Mellon University	6	40.4428081	-79.94301279999999	United States
Ca 90406 Usa Georgetown University	1	34.068921	-118.4451811	United States
University of Illinois At Springfield Usa	1	39.7290207	-89.61765400000002	United States
Jacobs University	4	53.16771689999999	8.6542654	Germany
University of Louisiana	4	30.2114404	-92.0204121	United States
University of Wisconsin Whitewater	1	42.83740280000001	-88.7440609	United States
Arkansas State University	1	35.8430861	-90.67485889999999	United States
University Bristol	7	51.4584172	-2.6029792	United Kingdom
University of Nebraskalincoln	5	40.8201966	-96.70047629999999	United States
University of Northern British Columbia	9	53.8922014	-122.8133546	Canada
University of Padua	4	45.406766	11.8774462	Italy
University Antwerp	3	51.2228097	4.4102318	Belgium
Lakehead Universityersityon	1	44.5925796	-79.4590889	Canada
Pace University	3	40.7111197	-74.00485669999999	United States
Western Washington University	2	48.7342883	-122.4866109	United States
University of Tennessee	2	35.9544013	-83.92945639999999	United States
University Hohenheim	2	48.71115959999999	9.2123935	Germany
University W Indies	1	18.0060132	-76.7471032	Jamaica
Leibniz University	1	52.3829641	9.7196989	Germany
University Guelph	3	43.5320995	-80.2268613	Canada
Calif Polytech State University San Luis Obispo	1	35.3050053	-120.6624942	United States
Ruprechtkarls University Heidelberg	2	49.4191402	8.670249199999999	Germany
Mendel University In Brno	1	49.2098917	16.6161905	Czechia
University British Columbia	6	49.26060520000001	-123.2459938	Canada
Iowa State University	7	42.0266187	-93.6464654	United States
University Lorraine	1	48.6962743	6.1764664	France
Stony Brook University	3	40.9123761	-73.1233889	United States
Xavier University	2	39.1493644	-84.4745119	United States
Loyola University New Orleans	2	29.935716	-90.12037819999999	United States
Mexico University of Exeter	2	19.3447476	-99.1996561	Mexico
Oxford Brookes University	17	51.755011	-1.224225	United Kingdom
Trinity University	2	29.4618444	-98.4831622	United States
University College	2	43.04245969999999	-76.1347681	United States
University Neuchatel	1	46.9938549	6.9387031	Switzerland
Brandeis University	6	42.364989	-71.258663	United States
Monash University	7	-37.9105238	145.1362182	Australia
University Durham	9	54.7649859	-1.5782029	United Kingdom
University Cambridge Emmanuel Coll	1	52.20356899999999	0.123596	United Kingdom
University Vienna	5	48.21318549999999	16.3600504	Austria
University of British Columbiaokanaga	2	49.93982	-119.396764	Canada
University Babes Bolyai	2	46.7677955	23.5912762	Romania
University Birmingham	6	52.4508168	-1.9305135	United Kingdom
University of Idaho	4	46.7288124	-117.0126084	United States
University of Cambridge	16	52.2042666	0.1149085	United Kingdom
National Chung Hsing University	1	24.123552	120.675326	Taiwan
University Santiago De Compostela	3	42.8885225	-8.5449726	Spain
University Cent Florida	5	28.6024274	-81.2000599	United States
Rice University American University	1	29.7173941	-95.40183119999999	United States
University Greifswald	1	54.095094	13.3746059	Germany
Fairleigh Dickinson University	4	40.8977928	-74.030864	United States
Tu Dortmund University	4	51.4926981	7.412838600000001	Germany
United Kingdom Australian National University	1	-35.2776999	149.118527	Australia
Mendel University Brno	1	49.2098917	16.6161905	Czechia
University West England	1	51.5001344	-2.5475301	United Kingdom
University Virginia	6	38.0335529	-78.5079772	United States
University Chile	2	-33.4445204	-70.6509277	Chile
Kings University	1	32.9390797	-97.12149579999999	United States
University Paris 05	1	48.8484556	2.3432774	France
Portland State University	3	45.511833	-122.6842319	United States
Alpen Adria University Klagenfurt	1	46.616079	14.2652899	Austria
University of North Carolina At Chapel Hill	10	35.9049122	-79.0469134	United States
Ohio State University Newark	1	40.068706	-82.44688	United States
Trinity Western University	1	49.1406699	-122.6020304	Canada
Northumbria University	14	54.9768729	-1.6077272	United Kingdom
University of Bucharest	3	44.435458	26.1012481	Romania
Tomsk State University	2	56.4694917	84.9478675	Russia
University Vermont	2	44.4778528	-73.1964637	United States
University of Hertfordshire	3	51.7617561	-0.2467997	United Kingdom
University Nacional De Misiones Unam	1	-27.4347506	-55.8877442	Argentina
University Plymouth	2	50.37590609999999	-4.1395777	United Kingdom
University of Vermont	3	44.4778528	-73.1964637	United States
Truman State University	1	40.1858573	-92.58137239999999	United States
University of Glamorgan	1	51.5894816	-3.3275381	United Kingdom
Political Science Yale University	1	41.3143962	-72.9243248	United States
Brighamyoung University	1	40.2518435	-111.6493156	United States
E Tennessee State University	1	36.3025374	-82.3701933	United States
Seoul Natl University	2	37.459882	126.9519053	South Korea
Cleveland State University	4	41.50249729999999	-81.6747185	United States
Universityersité Sainteanne	1			
University Santo Tomas	1	14.6096767	120.9896407	Philippines
University Texas Med Branch	1	29.3110199	-94.7777698	United States
Robert Gordon University	1	57.1184161	-2.1410221	United Kingdom
Paris Est Créteil University	1	48.7881698	2.4440992	France
University of Central Lancashire	8	53.7645034	-2.7083505	United Kingdom
University of Eastern Finland	1	62.89555900000001	27.641009	Finland
University Saarland	1	49.2550284	7.040975	Germany
Cardiff University	9	51.48662710000001	-3.1788641	United Kingdom
University of Zimbabwe	2	-17.784983	31.054561	Zimbabwe
Trencin University Alexander Dubcek Trencin	1	48.898708	18.047361	Slovakia
University of The Saarland	1	49.2550284	7.040975	Germany
Trent University	1	44.3571304	-78.290363	Canada
Duquesne University	4	40.4372949	-79.9901728	United States
Boston University	18	42.3504997	-71.1053991	United States
University Aberdeen	3	57.16475999999999	-2.1015257	United Kingdom
University Swaziland	1	-26.4790864	31.3068429	Swaziland
University of Kansas	2	38.9543439	-95.2557961	United States
Lock Haven University Pennsylvania	1	41.1423205	-77.4621475	United States
University of Mary Washingtonva	1	38.3021703	-77.4742587	United States
Regent University	2	36.801329	-76.1922416	United States
University of Wales	2	51.4854318	-3.1813842	United Kingdom
United States Columbia University	1	40.8075355	-73.9625727	United States
Birmingham City University	3	52.4828098	-1.885094	United Kingdom
University of Houston	2	29.7199489	-95.3422334	United States
Dc 20036 Usa Georgetown University	1	38.9076089	-77.07225849999999	United States
Goetheuniversityersity Frankfurt	1	50.1270675	8.6677635	Germany
Austria Salzburg University	1	47.797324	13.04817	Austria
Germany Free University Berlin	1	52.4525264	13.2896787	Germany
Graduate Center of The City University	1	40.748449	-73.9834916	United States
University Hong Kong	1	22.2829989	114.1370848	Hong Kong
Tsinghua University	1	39.9996674	116.3264439	China
University Missouri St Louis	2	38.7092401	-90.30828	United States
University of Bath	1	51.3781162	-2.3272635	United Kingdom
Ludwig Maximilians University Munchen	1	48.150806	11.58043	Germany
Westernorth Carolina University	1	35.3089224	-83.18437809999999	United States
Brown University	32	41.8267718	-71.4025482	United States
Mount Allison University	1	45.8983184	-64.3731004	Canada
University of Louisville	2	38.2122761	-85.75850229999999	United States
Misericordia University	2	41.345197	-75.9707268	United States
University Essex	3	51.87772589999999	0.9472069000000001	United Kingdom
University Calif San Francisco	1	37.7631333	-122.4575489	United States
University St Thomas	1	44.941751	-93.19149089999999	United States
Ghent University	15	51.0465619	3.727918099999999	Belgium
University Turku	1	60.4562974	22.2851138	Finland
Norwegian Defence University College	4			
University of Delaware	5	39.6779504	-75.7506114	United States
North Georgia College And State University	2	34.5278618	-83.9844416	United States
West Texas A And M University	1	34.9829122	-101.9158947	United States
University De Deusto	1	43.2712452	-2.9385576	Spain
Georgia State University	3	33.753068	-84.38528190000001	United States
University of Oxford	11	51.7548164	-1.2543668	United Kingdom
University Fed Espirito Santo	2	-20.2773232	-40.3041868	Brazil
Samford University	1	33.4647494	-86.79363099999999	United States
European University Institute	20	43.803079	11.282959	Italy
Belgium Radboud University of Nijmegen	1			
State University of Rio De Janeiro	2	-22.9111127	-43.2359131	Brazil
Towson University	4	39.3925121	-76.61263919999999	United States
Klagenfurt University Fac Interdisciplinary Studies	1			
University Space Res Assoc	2	29.5875787	-95.1006227	United States
So Oregon University	1	42.1859996	-122.6959071	United States
University Northern British Columbia	1	53.8922014	-122.8133546	Canada
University of Gothenburg	4	57.6981719	11.971878	Sweden
Stirling University	1	56.1459171	-3.918879	United Kingdom
Ces University Coimbra	1	40.2087265	-8.422469699999999	Portugal
Alfarabi Kazakhstan National University	1	43.2252358	76.92191869999999	Kazakhstan
University Oklahoma	5	35.2058936	-97.4457137	United States
Gardnerwebb University	2	35.24756300000001	-81.670737	United States
University So Mississippi	3	31.3303296	-89.3356963	United States
Bocconi University	3	45.4485736	9.189945	Italy
University Oulu	1	65.0593177	25.4662935	Finland
Tokyo Womans Christian University	1	35.7098017	139.5913725	Japan
University Waterloo	2	43.4722854	-80.5448576	Canada
The University of Kansas	2	38.9543439	-95.2557961	United States
Valparaiso University	2	41.4639394	-87.0438894	United States
University Tubingen	3	48.5294782	9.043773999999999	Germany
University Fed Rio De Janeiro	1	-22.9541412	-43.1753638	Brazil
University St Anne	1	44.3326798	-66.1168753	Canada
The University of Durham	2	54.7649859	-1.5782029	United Kingdom
Bradford University	1	53.791435	-1.7661746	United Kingdom
Long Island University	2	40.691148	-73.98079899999999	United States
University Passau	2	48.5670466	13.4517835	Germany
Katholieke Universityersiteit	1	38.9368811	-76.99869199999999	United States
University of Ljubljana	1	46.0491938	14.5041552	Slovenia
Calif Baptist University	1	33.9284067	-117.4255596	United States
University Tromso	1	69.679788	18.9710079	Norway
The University of Calgary	1	51.0781599	-114.1358007	Canada
University of Windsor	1	42.3043138	-83.06603860000001	Canada
University Louisville	2	38.2122761	-85.75850229999999	United States
England University Gottingen	1	51.5464725	9.9436457	Germany
University Str 10	1	47.6059645	-122.3401824	United States
University of Texas At Austin	6	30.2849185	-97.7340567	United States
University of Copenhagen	12	55.6802303	12.5724096	Denmark
United States Manchester Metropolitan University	1	53.4709747	-2.2387641	United Kingdom
University S Australia	1	-34.9201652	138.6066669	Australia
Texas A And M University	3	30.618531	-96.33649899999999	United States
Babes Bolyai University	1	46.7677955	23.5912762	Romania
University Texas Austin	6	30.2849185	-97.7340567	United States
University Wales Coll Cardiff	1	51.4854318	-3.1813842	United Kingdom
University West Georgia	1	33.5735587	-85.1027726	United States
University Portland Salzburg Ctr	1	45.5732046	-122.7275712	United States
Michigan Tech University	1	47.1149065	-88.54530729999999	United States
Tbilisi State University	2	41.7099824	44.7779992	Georgia
University of Californiaberkeley	3	37.8718992	-122.2585399	United States
St Marys Seminary And University	1	39.3603347	-76.6400453	United States
Indiana University Purdue University	1	39.7738832	-86.1763393	United States
University Laval	4	46.78174629999999	-71.2747424	Canada
Umea University	1	63.82054839999999	20.3036711	Sweden
University Hannover	1	52.3829641	9.7196989	Germany
Loughborough University Technol	1	52.769227	-1.224632	United Kingdom
University York	8	53.9455334	-1.0561667	United Kingdom
University Arkansas	2	36.0678324	-94.17365509999999	United States
Case Western Reserve University	7	41.5043413	-81.6083838	United States
Tech University Catalonia	1	41.388004	2.1132804	Spain
University of Manchester	9	53.4668498	-2.2338837	United Kingdom
Groningen University	1	53.2192634	6.562987199999999	Netherlands
University Kent	5	41.1490629	-81.34146489999999	United States
Maastricht University	1	50.8471422	5.686401699999999	Netherlands
California State University Northridge	1	34.2425947	-118.5280687	United States
University Gdansk	2	54.3961355	18.5743202	Poland
University of Leicester	9	52.6211393	-1.1246325	United Kingdom
University Groningen	2	53.2192634	6.562987199999999	Netherlands
France University of California	1	37.8718992	-122.2585399	United States
University of Lancaster	1	54.0103942	-2.7877294	United Kingdom
Utrecht University	3	52.0901527	5.1226018	Netherlands
Brigham Young University	6	40.2518435	-111.6493156	United States
La Sierra University	1	33.909867	-117.494974	United States
University Los Andes	2	31.676046	-106.440804	Mexico
University of Eastern Piedmont	3	45.3276034	8.4244182	Italy
Middle Tennessee State University	3	35.8486105	-86.3648813	United States
Rice University	8	29.7173941	-95.40183119999999	United States
Hebrew University	1.0	31.7945578	35.2414009	
Arizona State University	17	33.6075228	-112.1598496	United States
Fudan University	1	31.2974197	121.5036178	China
Hamline University	1	44.9659651	-93.1648051	United States
Christian University	1	35.6126232	-97.4697937	United States
Washington University In St Louis	1	38.6487895	-90.31079620000001	United States
University Paris 08	1	48.9449361	2.3635622	France
Bitsuniversityersity of Applied Sciences of Iserlohn	1	51.38433999999999	7.71909	Germany
University Complutense Madrid	6	40.4478246	-3.728587199999999	Spain
University of New Hampshire	3	43.138948	-70.9370252	United States
University Wales	3	51.4854318	-3.1813842	United Kingdom
University Kassel	1	51.3227527	9.5075944	Germany
Essex University	2	51.87772589999999	0.9472069000000001	United Kingdom
University Warsaw	1	52.2403463	21.0186012	Poland
Goethe University	5	50.1270675	8.6677635	Germany
Universityersitá Commerciale Luigi Bocconi	1			
John Carroll University	6	41.4905062	-81.5293126	United States
Queens University	26	44.2252795	-76.49514119999999	Canada
University of Cergypontoise	2	49.03907599999999	2.074954	France
University of Wisconsinwhitewater	1	42.83740280000001	-88.7440609	United States
University Adelaide	2	-34.920603	138.6062277	Australia
University Mainz	1	49.9926403	8.241555199999999	Germany
University of Illinois	2	40.1019523	-88.2271615	United States
University Urbino Carlo Bo	1	43.7232326	12.6368523	Italy
Vanderbilt University	17	36.1447034	-86.8026551	United States
University of Perugia	1	43.11654100000001	12.38746	Italy
Plymouth State University	2	43.7595034	-71.68825430000001	United States
University of The Witwatersrand	5	-26.191716	28.032858	South Africa
University of Calgary	4	51.0781599	-114.1358007	Canada
Newcastle University	12	54.9791871	-1.6146608	United Kingdom
University of Southern California	8	34.0223519	-118.285117	United States
Wake Forest University	5	36.1352495	-80.2763425	United States
Columbia University	26	40.8075355	-73.9625727	United States
Ruhr University of Bochum	1	51.44566589999999	7.261609300000001	Germany
Cent European University Budapest	1	47.5005395	19.04958	Hungary
Ethnic And Migration Studies Cedem At The University of Liège	1	50.5830803	5.559063999999999	Belgium
Anglia Polytechnic University	2	52.2032672	0.1345112	United Kingdom
University of Rome Tor Vergata	1	41.8495483	12.597784	Italy
Memorial University of Newfoundland	3	47.5737975	-52.7329053	Canada
Colgate University	3	42.8166152	-75.5401764	United States
University Algarve	1	37.0439713	-7.972207900000001	Portugal
Rhodes University	3	-33.3135911	26.5163135	South Africa
National University of Singapore	1	1.2966426	103.7763939	Singapore
Universityersité Libre De Bruxelles Ulb	2	50.8132068	4.3822222	Belgium
Education University of Hong Kong	1	22.4690426	114.1943533	Hong Kong
Nottingham Trent University	11	52.9581383	-1.1542364	United Kingdom
University Bologna	4	44.4962318	11.354157	Italy
Marquette University	1	43.0382216	-87.9297546	United States
The University of Edinburgh	1	55.9445158	-3.1892413	United Kingdom
University Otago	3	-45.8646835	170.5144227	New Zealand
University Castilla La Mancha	1	38.99404390000001	-3.9204979	Spain
The George Washington University In Washingtondc	1	38.8997145	-77.0485992	United States
Illinois Wesleyan University	1	40.4908892	-88.9906541	United States
Universityersität Der Bundeswehr	1	48.0815617	11.6360739	Germany
University New England	1	43.4582904	-70.3865402	United States
University Estadual Campinas	2	-22.8184393	-47.0647206	Brazil
University Zaragoza	1	41.6420639	-0.9015065	Spain
Fatih University	1	41.0126037	28.961838	Turkey
Penn State University Lehigh Valley	1	40.5591162	-75.4027078	United States
University Newcastle Upon Tyne	1	54.9791871	-1.6146608	United Kingdom
University of Plymouth	3	50.37590609999999	-4.1395777	United Kingdom
University Idaho	2	46.7288124	-117.0126084	United States
University of Cyprus	1	35.1600014	33.37701750000001	Cyprus
University Siegen	1	50.9112595	8.0254525	Germany
Southern Methodist University	5	32.8412178	-96.78451749999999	United States
University of Bern	2	46.9504896	7.438119	Switzerland
Dalhousie University	3	44.63658119999999	-63.59165549999999	Canada
Universityersidade Federal Do Rio De Janeiro	1	-22.9541412	-43.1753638	Brazil
De Paul University	1	41.8780698	-87.6273717	United States
Panteion University of Social And Political Sciences	2	37.9596132	23.7192801	Greece
University Nova Lisboa	1	38.733682	-9.160333	Portugal
Queen Margaret University	1	55.9303061	-3.0739431	United Kingdom
University of Salford	2	53.48458600000001	-2.270755	United Kingdom
University of St Gallen	3	47.4321575	9.3755673	Switzerland
Norwegian University of Science And Technology Ntnu	1	63.41949899999999	10.4020771	Norway
Baldwin Wallace University	3	41.37111650000001	-81.8478088	United States
University Life Sci Lublin	1	51.243671	22.5402384	Poland
University of Seychelles	1	-4.7403938	55.5153753	Seychelles
University of Utrecht	1	52.0901527	5.1226018	Netherlands
State University of New York At New Paltz	2	41.7390054	-74.0851655	United States
University of Rochester	1	43.1305531	-77.6260033	United States
Washington State University	2	46.7319225	-117.1542121	United States
Universityersité Inrs	1			
Universityersität Marburg	2			
University Rouen	1	49.4582886	1.0687691	France
University of Edinburg	1	55.9445158	-3.1892413	United Kingdom
University Louisiana	2	30.2114404	-92.0204121	United States
University of Edinburgh	20	55.9445158	-3.1892413	United Kingdom
Vrije Universityersiteit	2	52.3337568	4.8657199	Netherlands
University Ss Cyril Methodius	1	41.99942009999999	21.4432391	Macedonia (FYROM)
Natl University Ireland	5	53.27664499999999	-9.061603	Ireland
University Lyon 1	1	45.7788727	4.8679611	France
University Duisburg Essen	4	51.4277172	6.801007999999999	Germany
Clemson University	6	34.6760942	-82.8364148	United States
University Alabama	2	33.2140233	-87.5391418	United States
University Lyon 3	1	45.748149	4.860552999999999	France
Sheffield Hallam University	4	53.3790519	-1.4660659	United Kingdom
Universityersidade Federal Fluminense	1	-22.9016321	-43.123741	Brazil
Aleksander Moisiu University	1	41.3133724	19.4342002	Albania
University of Connecticut	7	41.8077414	-72.2539805	United States
University of Technology of Compiègne	1	49.415307	2.818937	France
Charles Sturt University	2	-33.846841	151.0744347	Australia
Tulance University	1	29.95504	-90.0768769	United States
Texas Womans University	1	33.2262879	-97.1271034	United States
Historisches Seminar Der Philippsuniversityersität	1			
Ca Foscari University of Venice	2	45.434532	12.326197	Italy
France University Minnesota	1	44.9782695	-93.2344892	United States
University of Patras	1	38.28923	21.785369	Greece
James Madison University	1	38.435092	-78.8697548	United States
University Hamburg	2	53.5665641	9.984619499999999	Germany
J W Goetheuniversityersität	1			
University Palmas Gran Canaria	1	28.0990409	-15.4198576	Spain
University of Massachusetts Amherst	1	42.3911569	-72.5267121	United States
University of Cincinnati	1	39.1329219	-84.51495039999999	United States
France University Calif Berkeley	1	37.8706875	-122.2604703	United States
University Melbourne	8	-37.7963689	144.9611738	Australia
Nova University	2	26.0789364	-80.2462675	United States
Vrije University Amsterdam	1	52.3337568	4.8657199	Netherlands
Carleton University	9	45.3875812	-75.69602019999999	Canada
Hebrew University Jerusalem	2.0	31.7945578	35.2414009	
University of Wageningen	1	51.9845558	5.6657696	Netherlands
Texas Am University	11	30.618531	-96.33649899999999	United States
Alma Mater Studiorum University Bologna	1	44.4962318	11.354157	Italy
University of North Carolina	6	35.9049122	-79.0469134	United States
Middlesex University	1	51.589755	-0.228299	United Kingdom
University Oslo	7	59.9399586	10.7217496	Norway
University Connecticut	7	41.8077414	-72.2539805	United States
University of Maryland University College	1	38.9120201	-76.8477051	United States
University San Martin	1	39.3316992	-76.6234229	United States
University Cantabria	2	43.471405	-3.804062	Spain
Czech Republic Charles University In Prague	1	50.0871106	14.4234889	Czechia
University Siena	1	41.9057124	-84.0175653	United States
Sam Houston State Universityersitytx	1	30.7131978	-95.5503566	United States
Uppsala University	5	59.85090049999999	17.6300093	Sweden
Fisk University	1	36.1672456	-86.8036353	United States
Sociology At Mcgill University	1	45.50478469999999	-73.5771511	Canada
University of Wisconsinoshkosh	1	37.09024	-95.712891	United States
University of Paris 8 Vincennessaintdenis	1	48.9449361	2.3635622	France
University of British Columbia And Ac Ace	1	49.2348977	-123.1619616	Canada
Northwood University	1	43.6301146	-84.2744061	United States
Texas Christian University	3	32.70953	-97.36279499999999	United States
University Liverpool	5	53.405936	-2.9655722	United Kingdom
University of Hanover	2	52.3829641	9.7196989	Germany
Teesside University	1	54.5706735	-1.2352742	United Kingdom
University Philippines Visayas	1	10.64204	122.230829	Philippines
Tufts University	6	42.4074843	-71.1190232	United States
Delft University of Technology	3	51.99625589999999	4.3758659	Netherlands
University New S Wales	2	51.5894816	-3.3275381	United Kingdom
University Leeds	8	53.8066815	-1.5550328	United Kingdom
Swansea University	9	51.6106075	-3.9763939	United Kingdom
University Oxford St Peters Coll	1	51.7527567	-1.2606369	United Kingdom
Berg University Wuppertal	1	51.2449746	7.1494262	Germany
University of Florida	3	29.6436325	-82.3549302	United States
University Nacional Autónoma De México	1	19.3188895	-99.1843676	Mexico
University of St Andrews	4	34.7448064	-79.48007109999999	United States
Columbia University Coll Phys Surg	1	40.8410971	-73.9411973	United States
University of New South Wales	1	-33.917347	151.2312675	Australia
New Mexico State University Lib	1	32.281567	-106.749601	United States
Miami University	5	39.5105334	-84.73087679999999	United States
University Inrs	1	46.8130159	-71.2240248	Canada
University of Oregon	3	44.0448302	-123.0726055	United States
Leeds University	1	53.8066815	-1.5550328	United Kingdom
Indiana University Northwest	1	41.5568315	-87.3375312	United States
Muskingum Universityersityoh	1	39.9996605	-81.7378895	United States
University Estado Rio De Janeiro	1	-22.952862	-43.173232	Brazil
Justusliebiguniversityersität	1			
Eberhard Karls University of Tübingen	1	48.5294782	9.043773999999999	Germany
Fayetteville State University	3	35.0742206	-78.8924896	United States
University Hawaii	2	21.2991857	-157.8171978	United States
University Freiburg	2	47.9935441	7.845949599999999	Germany
University Paris 1 Paris 4	1	48.8469373	2.344468	France
Rutgers University	5	40.4981958	-74.44679579999999	United States
University Arizona	1	32.2318851	-110.9501094	United States
University of Berlin	1	52.4525264	13.2896787	Germany
Kristianstad University	1	56.0485005	14.146265	Sweden
University Eastern Finland	1	62.89555900000001	27.641009	Finland
University Manitoba	2	49.8075008	-97.1366259	Canada
Queen’S University Belfast	2	54.5844087	-5.9340493	United Kingdom
University of Munich	1	48.150806	11.58043	Germany
Alexander Dubèek University of Trenèín	1			
Johns Hopkins University Sais	2	38.90813	-77.040279	United States
University Libre Berlin	1	52.4525264	13.2896787	Germany
University Internacional De La Riojaunir	1	42.462209	-2.4241853	Spain
University of Arizona	1	32.2318851	-110.9501094	United States
Wageningen University	4	51.9845558	5.6657696	Netherlands
University Nanterre Paris Ouest La Def	1	48.90339900000001	2.211274	France
University of Massachusetts At Amherst	1	42.3911569	-72.5267121	United States
United States Jacobs University	2	53.16771689999999	8.6542654	Germany
University of Ottawa And Research Associate	1	45.42310639999999	-75.68313289999999	Canada
University Memphis	1	35.118741	-89.937141	United States
Cambridge University	4	52.2042666	0.1149085	United Kingdom
Nw State University	1	31.7487611	-93.0977934	United States
Calif State University Los Angeles	1	34.0667886	-118.1680902	United States
Roosevelt University	1	41.8760347	-87.6245127	United States
University Valencia	2	39.4793254	-0.3593863	Spain
Koc University	1	41.19779640000001	29.06738349999999	Turkey
Jacksonville State University	1	33.8230593	-85.7681082	United States
University Fed Fluminense	2	-22.9016321	-43.123741	Brazil
University of Lausanne	4	46.5210895	6.5801606	Switzerland
Germany University of Greifswald	1	54.095094	13.3746059	Germany
Tel Aviv University	8	32.1133141	34.8043877	Israel
The University of Warwick	1	52.3792525	-1.5614704	United Kingdom
Universityersität Leipzig	1			
University Strathclyde	2	55.8628285	-4.2428535	United Kingdom
University St Andrews	2	56.3416934	-2.7927522	United Kingdom
University of Leuven	3	50.87795449999999	4.7002953	Belgium
Saint Martins University In Lacey	1	47.0429147	-122.8169065	United States
Texas Am University Corpus Christi	1	27.7127448	-97.32414329999999	United States
University Bonn	2	50.7267715	7.0865227	Germany
Universityersità Degli Studi Internazionali Di Roma Unint	2	41.859918	12.4966143	Italy
University of Sheffield	14	53.3809409	-1.4879469	United Kingdom
Liverpool Hope University	4	53.3908007	-2.8922988	United Kingdom
University of Deusto Ud	1	43.2712452	-2.9385576	Spain
Russian State University For The Humanities	1	55.7770941	37.5955978	Russia
Virginia Commonwealth University	4	37.5489872	-77.4534286	United States
Emory University	18	33.7925195	-84.32399889999999	United States
University Dublin Trinity Coll	2	53.3437935	-6.254571599999999	Ireland
University Cent Arkansas	2	35.0780913	-92.4579383	United States
University Concepcion Udec	1	-36.8294765	-73.0341825	Chile
Australian National University	1	-35.2776999	149.118527	Australia
New York University School of Law	1	40.730537	-73.999499	United States
University Athens	1	34.8054077	-86.9650947	United States
University of Bergamo	2	45.7044335	9.660490399999999	Italy
Al Farabi Kazakhstan Natl University	1	43.2252358	76.92191869999999	Kazakhstan
Queens University Charlotte	1	35.1885164	-80.83279	United States
University Mississippi	4	34.3647324	-89.538443	United States
University of Virginia	6	38.0335529	-78.5079772	United States
University Witwatersrand	4	-26.191716	28.032858	South Africa
Kent State University	1	41.1490629	-81.34146489999999	United States
Agh University of Science And Technology	1	50.06688579999999	19.9136192	Poland
Open University Cyprus	1	35.1130681	33.3774119	Cyprus
Ohio Wesleyan University	3	40.2966234	-83.0700693	United States
University of Warwick	6	52.3792525	-1.5614704	United Kingdom
Open University Israel	1	32.188588	34.887685	Israel
Ruprechtkarlsuniversityersität	1			
Florida International University	1	25.756576	-80.373949	United States
Florida Gulf Coast University	1	26.4643209	-81.7733903	United States
New Jersey City University	4	40.70966200000001	-74.08765629999999	United States
The University of Wisconsinmadison	1	43.076592	-89.4124875	United States
University Sfax	1	34.7361066	10.7427275	Tunisia
University of Guelph	2	43.5320995	-80.2268613	Canada
Rutgers State University Lib	1	40.5050347	-74.4523937	United States
Brenau University	1	34.3028284	-83.8221045	United States
University London	108	51.5229378	-0.1308206	United Kingdom
Temple University	10	39.9811935	-75.1553512	United States
Georgetown University	34	38.9076089	-77.07225849999999	United States
University Southampton Waterfront Campus	1	50.89313079999999	-1.3949405	United Kingdom
Panteion University	1	37.9596132	23.7192801	Greece
University Tokyo	2	35.7126775	139.761989	Japan
Lawrence University	6	44.2615759	-88.39809989999999	United States
University Lisbon	3	38.7526578	-9.158244999999999	Portugal
Grenoble Universityersité	1			
Miami University of Ohio	2	39.5105334	-84.73087679999999	United States
Macquarie University	1	-33.77382370000001	151.1126498	Australia
North Dakota State University	3	46.8977528	-96.8024367	United States
United States Stephen F Austin State Universityersitytx	1	31.6219236	-94.6462581	United States
University Paris 1 Pantheonsorbonne	1	48.8469373	2.344468	France
Technical University of Dresden	1	51.02927340000001	13.7289964	Germany
University Hertfordshire	1	51.7617561	-0.2467997	United Kingdom
Canada University of Toronto	1	43.6628917	-79.39565640000001	Canada
University Sharjah	1	25.2867708	55.4783714	United Arab Emirates
University of Geneva	5	46.199444	6.1451157	Switzerland
Jagiellonian University	3	50.0609623	19.9341074	Poland
University A Coruna	2	43.3474697	-8.386953	Spain
Boston University School of Law	1	42.3509792	-71.107023	United States
University of British Columbiaokanagan	2	49.93982	-119.396764	Canada
University Leipzig	2	51.3385738	12.3784615	Germany
University Politecn Madrid	1	40.4486372	-3.7192798	Spain
The University of Tokyo	2	35.7126775	139.761989	Japan
Calif State University San Marcos	1	33.1295574	-117.1599449	United States
Natl Def University	1	38.8667772	-77.01455229999999	United States
University Nacl Lujan	1			
Czech Republic Saltzman Institute of War And Peace Studies At Columbia University	1			
Philippsuniversityersität	1			
Boise State University	4	43.6033127	-116.201649	United States
Franklin Pierce University	4	42.7793667	-72.0560856	United States
University of Notre Dame	6	41.7055716	-86.2353388	United States
University New Hampshire	6	43.138948	-70.9370252	United States
University Autónoma De Barcelona	1	41.5014238	2.1026845	Spain
Minnesota State University Moorhead	1	46.86590500000001	-96.762332	United States
University of Potsdam	1	52.4010314	13.0119098	Germany
Freie Universityersität Berlin	8			
Indiana University Bloomington	1	39.1761275	-86.5130583	United States
University Fed Vicosa	1	-20.7608854	-42.8692906	Brazil
Carlow University	2	40.4394832	-79.96391450000002	United States
Georgetown Universityersitys School of Foreign Service	1	38.9087261	-77.07362959999999	United States
University Calif Davis	1	38.5382322	-121.7617125	United States
University of Salamanca	1	40.9613376	-5.666925099999999	Spain
University Montpellier 2	3	43.63117099999999	3.861512	France
Georgetown University Council On Foreign Relations	1	38.9087261	-77.07362959999999	United States
Oakland University	2	42.66884830000001	-83.20664149999999	United States
George Washington University Law School	1	38.8990984	-77.0451293	United States
Free University of Brussels	1	50.821658	4.394886	Belgium
University of Iowa	3	41.6626963	-91.5548998	United States
University of Vienna	3	48.21318549999999	16.3600504	Austria
University of Nancy2L2Slasures	1			
Belgium Leiden University	1	52.1571485	4.485209	Netherlands
University Coll Cork	1	51.89210989999999	-8.493273700000001	Ireland
Dresden University of Technology	1	51.02927340000001	13.7289964	Germany
University Copenhagen	8	55.6802303	12.5724096	Denmark
Morgan State University	2	39.3437959	-76.5843847	United States
University Cologne	4	50.9281625	6.9288192	Germany
Winthrop University	1	34.9395142	-81.0316204	United States
University W England	1	43.4582904	-70.3865402	United States
University of Technology	1	18.0186816	-76.7444736	Jamaica
Seton Hall University	4	40.743011	-74.2471001	United States
St Josephs University	1	39.9946832	-75.2416405	United States
Germany University of Göttingen	2	51.5408116	9.9374005	Germany
University Patras	1	38.28923	21.785369	Greece
The George Washington University	2	38.8997145	-77.0485992	United States
Roehampton University	1	51.4579866	-0.2432869	United Kingdom
University of Missourikansas City	3	39.0335539	-94.57602589999999	United States
Kadir Has University	5	41.02472239999999	28.9590603	Turkey
Central Missouri State University	1	38.7580823	-93.73837239999999	United States
University Montreal	2	45.5056156	-73.61375919999999	Canada
St John’S University	1	40.7215967	-73.7946899	United States
University Greenwich	1	51.4825629	-0.006756499999999999	United Kingdom
Leiden University	12	52.1571485	4.485209	Netherlands
University of Saskatchewan	2	52.1334003	-106.6313582	Canada
Freie Universityersität	3			
University of Economics	1	50.0842288	14.4412041	Czechia
University of The Free State	2	-29.1112771	26.1869783	South Africa
University of Puerto Rico	3	18.40461	-66.050151	Puerto Rico
The Hong Kong Polytechnic University	1	22.3028474	114.1784191	Hong Kong
Texas State Universityersitysan Marcos	1	29.888411	-97.938351	United States
Vrije Universityersiteit Brussel	3	50.8221119	4.3932953	Belgium
Ashland University	2	40.8619296	-82.32305099999999	United States
University Def	1	38.908422	-76.99238749999999	United States
University of Paris Westnanterrela Defense	1	48.90339900000001	2.211274	France
University of Deusto	1	43.2712452	-2.9385576	Spain
Calif State University	2	34.0667886	-118.1680902	United States
Trento University	2	46.0667967	11.1231165	Italy
Sam Houston State University	3	30.7131978	-95.5503566	United States
University of Trento	4	46.0667967	11.1231165	Italy
University of Santiago De Compostela	1	42.8885225	-8.5449726	Spain
University of Urbino Carlo Bo	2	43.7232326	12.6368523	Italy
Cornell University	14	42.4534492	-76.4735027	United States
Jacobs University Bremen	1	53.16771689999999	8.6542654	Germany
University Iberoamer	1	19.3700747	-99.26400699999999	Mexico
University of Memphis	4	35.118741	-89.937141	United States
University Wisconsin	13	43.076592	-89.4124875	United States
Nanyang Technol University	1	1.3483099	103.6831347	Singapore
Vienna University Econ Business	1	48.214648	16.406479	Austria
University of Chicago	6	41.7886079	-87.5987133	United States
University of California	42	37.8022945	-122.271448	United States
European Universityerstity Institute	1			
University New Brunswick	1	40.5008186	-74.44739910000001	United States
Western Connecticut State University	1	41.4007198	-73.4449401	United States
Waseda University	3	35.7087334	139.7196485	Japan
Pompeu Fabra University	2	41.3789689	2.179794100000001	Spain
University Oxford Wadham Coll	1	51.7557394	-1.2546951	United Kingdom
University of Wisconsinmadison	13	43.076592	-89.4124875	United States
University of Jaén	1	37.788385	-3.777133	Spain
University Ottawa	5	38.6029423	-95.2637339	United States
University Nacl Cordoba	2			
Florida State University	11	30.4418778	-84.2984889	United States
University of West Virginia	1	39.6361396	-79.95593579999999	United States
University of Pavia	1	45.1867156	9.1561041	Italy
University of Ottawa	12	45.42310639999999	-75.68313289999999	Canada
Pennsylvania State University	14	40.7982133	-77.8599084	United States
University Lausanne	3	46.5210895	6.5801606	Switzerland
University Calgary	5	51.0781599	-114.1358007	Canada
Natl Chengchi University	1	24.987516	121.576074	Taiwan
Washburn University	2	39.0333113	-95.7017075	United States
Babeşbolyai University	5	46.7677955	23.5912762	Romania
Kansas State University	3	39.1974437	-96.5847249	United States
University Portsmouth	5	50.79512870000001	-1.0935686	United Kingdom
Nord University	1	67.289081	14.560248	Norway
Italy Law Department of The European University Institute Eui Florence	1	43.803079	11.282959	Italy
University of Central Missouri	1	38.7580823	-93.73837239999999	United States
Norfolk State University	1	36.8480161	-76.262085	United States
University Nacional De Córdoba	1	-31.4354855	-64.1855702	Argentina
Washington University	7	38.6487895	-90.31079620000001	United States
Johannes Gutenberguniversityersity Mainz	2	49.9926403	8.241555199999999	Germany
Bakent University	1	39.8876842	32.6543665	Turkey
Brock University	1	43.1175731	-79.2476925	Canada
University Messina	1	38.1891564	15.5530341	Italy
University Granada	2	37.1846223	-3.6006329	Spain
University Ctr	1	43.5375937	-83.984501	United States
Southern Illinois University	5	37.7090577	-89.22491339999999	United States
National Chengchi University	1	24.987516	121.576074	Taiwan
University Surrey	1	51.2421839	-0.5905421	United Kingdom
University of Sharjah	1	25.2867708	55.4783714	United Arab Emirates
University of St Thomasmn	4	44.941751	-93.19149089999999	United States
North Carolina State Universityersitycharlotte	1	35.3001243	-80.7340342	United States
Free University of Berlin	7	52.4525264	13.2896787	Germany
University Southern Denmark	1	55.3706746	10.4280673	Denmark
Universityeristy of Essex	1	44.508563	-73.11668499999999	United States
Czech Technical University	1	50.1030364	14.3912841	Czechia
University of Southern Mississippigulf Coast	1	30.3531529	-89.13746259999999	United States
Indiana University of Pennsylvania	1	40.6142181	-79.1610625	United States
The Catholic University of America	2	38.9368811	-76.99869199999999	United States
Lock Haven University Penn	1	41.1423205	-77.4621475	United States
University New Mexico	2	35.0843187	-106.6197812	United States
Bahcesehir University	1	41.042072	29.0090151	Turkey
University Strasbourg 1	1	48.5835552	7.7626888	France
Eastern Michigan University	1	42.2506803	-83.624089	United States
University Autónoma De Madrid	5	40.5466983	-3.6943619	Spain
State University of New York At Stony Brook	1	40.9123761	-73.1233889	United States
Chinese University Hong Kong	1	22.4162632	114.2109318	Hong Kong
Point Loma Nazarene University	1	32.716863	-117.250694	United States
Texas A And M Universityersitycorpus Christi	1	27.7127448	-97.32414329999999	United States
Universityersität München	1			
University Western Cape	1	-33.9335203	18.627958	South Africa
University of Johannesburg	3	-26.1875311	28.0171001	South Africa
University of Osnabrück	1	52.2711024	8.0447914	Germany
Catholic University of Eichstättingolstadt	2	48.8887085	11.1900219	Germany
European University Inst	10	43.803079	11.282959	Italy
University of New Brunswick	2	40.5008186	-74.44739910000001	United States
University of Gloucestershire	2	51.9000125	-2.0797502	United Kingdom
Erasmus University Rotterdam	3	51.91752	4.525585	Netherlands
Colorado State University	1	40.573436	-105.0865473	United States
Texas A And M University Central Texas	1	31.0528319	-97.77382740000002	United States
Australian Natl University	1	-35.2776999	149.118527	Australia
University Northampton	2	52.27220029999999	-0.8831912	United Kingdom
Sabanci University	2	40.8928831	29.3748667	Turkey
Wingate University	1	34.9869013	-80.44449709999999	United States
Un University Inst Comparat Reg Integrat Studies Unu Cr	1			
Hong Kong Polytech University	1	22.3028474	114.1784191	Hong Kong
Mae Universityersité De Paris X	1			
Edinburgh University	1	55.9445158	-3.1892413	United Kingdom
Keele University	6	53.00343729999999	-2.272053000000001	United Kingdom
University Southern Calif	2	34.0223519	-118.285117	United States
University of Wisconsin	4	43.076592	-89.4124875	United States
Dundee University	2	56.45824469999999	-2.9821428	United Kingdom
University Texas Arlington	4	32.7301078	-97.1162524	United States
Saintejustine University Hospital Center	1	45.5032186	-73.6239156	Canada
University Konstanz	2	47.689426	9.1868777	Germany
University Oxford St Annes Coll	1	51.7616376	-1.262292	United Kingdom
York University Toronto	1	43.7734535	-79.50186839999999	Canada
University Salamanca	2	40.9613376	-5.666925099999999	Spain
University Lapland	1	66.48586259999999	25.7155282	Finland
Vanderbilt University Divinity School	2	36.1466963	-86.8007657	United States
University of Aarhus	1	56.1681384	10.2030118	Denmark
University Acores	1	37.7460756	-25.6637984	Portugal
Trencianska University Alexandra Dubceka	1			
Calif State University Monterey Bay	1	36.6529218	-121.7981631	United States
Johns Hopkins Universityersitys	1	39.3299013	-76.6205177	United States
University of York	8	53.9455334	-1.0561667	United Kingdom
Literatura Hispanoamericana De Ia University	2			
University of Economics In Bratislava	1	48.1257816	17.1332155	Slovakia
University of Piraeus	3	37.9416238	23.6530109	Greece
University Trieste	1	45.658667	13.7934477	Italy
Ohio University	4	39.324358	-82.10138889999999	United States
University Newcastle	3	-32.8927718	151.7041775	Australia
University Mary Washington	3	38.3021703	-77.4742587	United States
Universityersité Sorbonne Nouvelle In Paris	1			
Cracow University Econ	1	50.0685649	19.9551201	Poland
Concordia University	11	45.5701912	-122.6368874	United States
J W Guniversityersität Frankfurt Am Main	1			
Tamkang University	1	25.1753389	121.4500026	Taiwan
Charles University	3	50.0871106	14.4234889	Czechia
Webster University	2	38.5892883	-90.34376669999999	United States
University of New Haven	2	41.2907035	-72.9616437	United States
Social Welf Studies Ghent University	1	51.0465619	3.727918099999999	Belgium
University Munster	1	51.9635705	7.6131826	Germany
University of Siegen	1	50.9112595	8.0254525	Germany
St Andrews University	2	34.7448064	-79.48007109999999	United States
Catholic University Eichstatt Ingolstadt	1	48.8887085	11.1900219	Germany
University of Glasgow	15	55.87212109999999	-4.288200499999999	United Kingdom
University of Toronto	20	43.6628917	-79.39565640000001	Canada
University Politecn Valencia	1	39.48105899999999	-0.3410670000000001	Spain
Stellenbosch University	3	-33.9328078	18.864447	South Africa
Charles University Prague	2	50.0871106	14.4234889	Czechia
University of British Columbia	9	49.26060520000001	-123.2459938	Canada
University Quebec Trois Rivieres	1	46.346911	-72.579728	Canada
University Econ	5	47.6571109	-122.3083677	United States
Creighton University	1	41.2653105	-95.94719189999999	United States
Sorbonne Nouvelleparis 3 University	1	48.83979619999999	2.3538807	France
University Innsbruck	1	47.26335419999999	11.3838006	Austria
University Rey Juan Carlos	1	40.3354644	-3.8774911	Spain
Free University	2	39.7218074	-104.8976981	United States
Filozofická Fakulta Universityerzity Komenského V Bratislave	2	48.1404629	17.1163727	Slovakia
University Loughborough	5	52.769227	-1.224632	United Kingdom
Howard University	4	38.9226843	-77.0194377	United States
Siedlce University of Natural Sciences And Humanities	1	52.1696131	22.2842795	Poland
University Toulouse 2	1	43.5795225	1.4032247	France
Necmettin Erbakan University	2	37.8786688	32.4844151	Turkey
Oxford University	7	51.7548164	-1.2543668	United Kingdom
University Glasgow	6	55.87212109999999	-4.288200499999999	United Kingdom
Chang Jung Christian University	1	22.905029	120.27265	Taiwan
University of Bordeaux 3	1	44.795412	-0.6163179999999999	France
The Johns Hopkins University	1	39.3299013	-76.6205177	United States
University of Pisa	1	43.7167235	10.3988593	Italy
United States University of Rome	1	41.8854734	12.4622398	Italy
University of The West of England	9	51.5001344	-2.5475301	United Kingdom
De Montfort University	3	52.62978	-1.13937	United Kingdom
University Notre Dame	10	41.7055716	-86.2353388	United States
University Toronto	19	43.6628917	-79.39565640000001	Canada
Department of English University of Wisconsineau Claire	2	44.7967459	-91.5034191	United States
Central European University	2	47.5005395	19.04958	Hungary
Lincoln University	6	39.807212	-75.9273377	United States
Indiana University	19	39.1761275	-86.5130583	United States
University of Salzburg	5	47.797324	13.04817	Austria
University of Maryland	8	38.9869183	-76.9425543	United States
University of The South	2	35.20518	-85.91766059999999	United States
Germany University Parisdauphine	1			
Ludwig Maximilians University Munich	1	48.150806	11.58043	Germany
Lancaster University	8	54.0103942	-2.7877294	United Kingdom
University of Bristol	13	51.4584172	-2.6029792	United Kingdom
Bournemouth University	1	50.742365	-1.8956355	United Kingdom
University of Strathclyde	3	55.8628285	-4.2428535	United Kingdom
University Johannesburg	1	-26.1875311	28.0171001	South Africa
University Hull	8	53.7737034	-0.3680781	United Kingdom
Laurentian University	2	46.4667708	-80.9742332	Canada
University Cent Lancashire Uclan	1	53.7645034	-2.7083505	United Kingdom
Depaul Universityersitys School For New Learning	1	41.8784754	-87.6270839	United States
Mcmaster University	5	43.260879	-79.9192254	Canada
Universityersitat Autònoma De Barcelona	2	41.5014238	2.1026845	Spain
University Genoa	1	44.4149029	8.926743000000002	Italy
University Massachusetts	10	42.3911569	-72.5267121	United States
University of Sarajevo	4	43.856883	18.4188848	Bosnia and Herzegovina
Un University Institute On Comparative Regional Integration Studies Unucris	1	51.218011	3.230836	Belgium
Minnesota State University	2	44.1463506	-93.9986131	United States
Babeşbolyai University Clujnapoca	1	46.7677955	23.5912762	Romania
University of New England	1	43.4582904	-70.3865402	United States
Duke University	18	36.0014258	-78.9382286	United States
Tech University Darmstadt	3	49.874778	8.656139999999999	Germany
Coventry University	2	52.4071747	-1.5037461	United Kingdom
University of Southern Denmark	10	55.3706746	10.4280673	Denmark
University Manchester	11	41.0114193	-85.759772	United States
Cașfoscari University	1			
University Roma La Sapienza	3	41.9037626	12.5144384	Italy
University of Arkansas At Little Rock	1	34.7240568	-92.3388872	United States
University of St Thomas	1	44.941751	-93.19149089999999	United States
Tennessee Technol University	1	36.1756361	-85.5085876	United States
University Tasmania	1	-42.9041217	147.3247697	Australia
Humboldt State University	4	40.8752748	-124.077821	United States
Universityersitiy of Utrecht	1	52.0901527	5.1226018	Netherlands
Graduate Center of The City University of New York Cuny	1	40.748449	-73.9834916	United States
Babesbolyai University	1	46.7677955	23.5912762	Romania
University of Aberdeen Edward Wright Building	2	57.1662906	-2.100752	United Kingdom
Bilkent University	5	39.8746147	32.7475962	Turkey
Columbia University School of Lawny	1	40.8070804	-73.96028969999999	United States
University of Heidelberg	1	49.4191402	8.670249199999999	Germany
Political Science Universityersität Mannheim And Universityersität Osnabrück	1			
Auckland University Technol	2	-36.8532194	174.7673188	New Zealand
Technische Universityersität	1			
Winona State University	1	44.0473997	-91.6432837	United States
Stanford University	20	37.4274745	-122.169719	United States
University Baltimore	1	39.2892131	-76.6249759	United States
The City University of New York	4	40.7509091	-73.973584	United States
Friedrichalexander University of Erlangennuremberg	1	49.5978804	11.0045507	Germany
Liverpool John Moores University	2	53.4034017	-2.9712846	United Kingdom
European University Inst Eui Florence	1	43.803079	11.282959	Italy
France Tulane University	1	29.9416085	-90.122264	United States
Cardiff Metropolitan University	2	51.49623219999999	-3.2131349	United Kingdom
Europauniversityersität Viadrina	1			
University of Limerick	2	52.6735881	-8.5724372	Ireland
University Regensburg	2	48.9986882	12.0945473	Germany
Catholic University Amer	3	38.9368811	-76.99869199999999	United States
Tokyo University Foreign Studies	1	35.673444	139.519935	Japan
University Limerick	1	52.6735881	-8.5724372	Ireland
Bahçeşehir University	1	41.042072	29.0090151	Turkey
University of Dundee	1	56.45824469999999	-2.9821428	United Kingdom
Appalachian State University	1	36.2134842	-81.6841448	United States
University Louisiana Lafayette	1	30.2114404	-92.0204121	United States
University Akron	2	41.076655	-81.5113386	United States
University Vigo	2	42.1694839	-8.6834785	Spain
Vilnius University	2	54.6825757	25.2876469	Lithuania
Radboud University Nijmegen	2	51.8193148	5.8568877	Netherlands
Cyprus University of Technology	2	34.6766777	33.0445361	Cyprus
University of Manitoba	2	49.8075008	-97.1366259	Canada
San Diego State University	4	32.77572170000001	-117.0718893	United States
Hungary Széchenyi István University	1	47.692732	17.627573	Hungary
University of Southern Mississippi	1	31.3303296	-89.3356963	United States
Oregon State University	6	44.5637806	-123.2794443	United States
University Calif Los Angeles	10	34.068921	-118.4451811	United States
University Colorado	11	40.00758099999999	-105.2659417	United States
University Stirling	4	56.1459171	-3.918879	United Kingdom
Leeds Metropolitan University	4	53.8036425	-1.5474292	United Kingdom
Széchenyi István University	1	47.692732	17.627573	Hungary
Guinea University Bretagne Occidentale	1	48.3980356	-4.5076415	France
Swansea University College of Law	1	51.610497	-3.983076	United Kingdom
Ces Universityersidade De Coimbra	1			
City University of New York	3	40.7509091	-73.973584	United States
University Calif San Diego	6	32.8800604	-117.2340135	United States
The Kings University College	1	53.52575909999999	-113.4166233	Canada
York University	11	43.7734535	-79.50186839999999	Canada
University Nebraska	5	40.8201966	-96.70047629999999	United States
University Stavanger	1	58.93729899999999	5.697201	Norway
University St Gallen	1	47.4321575	9.3755673	Switzerland
University of Hohenheim	3	48.71115959999999	9.2123935	Germany
Manchester Metropolitan University	9	53.4709747	-2.2387641	United Kingdom
Wesleyan University	2	41.5566104	-72.65690409999999	United States
University Fed Minas Gerais	1	-19.8690878	-43.9663841	Brazil
University of Pennsylvania	7	39.9522188	-75.1932137	United States
University of Sydney	5	-33.888584	151.1873473	Australia
Natl University Polit Studies Publ Adm	1	44.4741443	26.0591559	Romania
University Salford	2	53.48458600000001	-2.270755	United Kingdom
California State University	4	34.0667886	-118.1680902	United States
University of Kent	10	51.29846690000001	1.0709944	United Kingdom
University Fed Para	1	-1.4743965	-48.4532218	Brazil
United Arab Emirates University	2	24.200588	55.67603399999999	United Arab Emirates
University of Pittsburgh	6	40.4443533	-79.960835	United States
Cranfield University	4	52.074461	-0.629289	United Kingdom
Penn State University	18	40.7982133	-77.8599084	United States
Tilburg University	4	51.5631406	5.0419736	Netherlands
University of Birmingham	20	52.4508168	-1.9305135	United Kingdom
University of Louvainlaneuve	1	50.66968749999999	4.6155909	Belgium
University Nacional De Rosario	1	-32.95027290000001	-60.636032	Argentina
Northern Kentucky University	1	39.0318034	-84.4643828	United States
University of Georgia	6	33.9480053	-83.3773221	United States
University Portland	1	45.5732046	-122.7275712	United States
Vytautas Magnus University	2	54.8985729	23.9140947	Lithuania
Texas A And M Universityersitycentral	1	31.0528319	-97.77382740000002	United States
University Buenos Aires	2	-34.5998875	-58.37306949999999	Argentina
University College Dublin	10	53.3053439	-6.220654	Ireland
City University	3	47.6178002	-122.3444475	United States
University North Carolina Chapel Hill	1	35.9049122	-79.0469134	United States
University of Lapland	1	66.48586259999999	25.7155282	Finland
University Western Australia	2	-31.981179	115.8199096	Australia
University of Kiel	1	54.3460549	10.1147022	Germany
University of Helsinki	2	60.1726348	24.9510419	Finland
Tulane University	6	29.9403477	-90.12072789999999	United States
Binghamton University	1	42.0893553	-75.9697049	United States
United States Brookes University	1	51.755011	-1.224225	United Kingdom
Flinders University	1	-35.0244952	138.5713281	Australia
Lehigh University	5	40.6069087	-75.37828320000001	United States
Texas Tech University	2	33.5842591	-101.8782822	United States
Texas State University San Marcos	2	29.888411	-97.938351	United States
University Cincinnati	1	39.1329219	-84.51495039999999	United States
Illinois State University	2	40.5122833	-88.9946702	United States
University Simón Bolívar	1	10.408363	-66.8755735	Venezuela
University Braunschweig	1	52.2735074	10.5296839	Germany
Humboldtuniversityersität Zu Berlin	3			
Durham University	11	54.7649859	-1.5782029	United Kingdom
University Econ Bratislava	2	48.1257816	17.1332155	Slovakia
University of Akronoh	2	41.076655	-81.5113386	United States
Pasteur 2 University Hosp	1	48.110425	-1.6737517	France
Graduate City Planning Program San Diego State University	1	32.7772264	-117.0726966	United States
University of Alabama At Birmingham	1	33.5021227	-86.8064447	United States
University of Oklahoma	4	35.2058936	-97.4457137	United States
Lund University	1	55.7119483	13.203493	Sweden
University Minnesota	3	44.97399	-93.2277285	United States
University De Salamanca	2	40.9613376	-5.666925099999999	Spain
St Thomas University	3	44.941751	-93.19149089999999	United States
University Cambridge Christs Coll	1	52.2062306	0.1224627	United Kingdom
Belgium Stanford University	1	37.4274745	-122.169719	United States
University Autónoma De Yucatán	2	20.96965	-89.623128	Mexico
University of Paris 2 Panthéonassas	1	48.8433032	2.3334127	France
University Quebec	1	46.78174629999999	-71.2747424	Canada
Lakehead University	5	48.4214812	-89.2618968	Canada
Sidi Mohamed Ben Abdellah University	2	34.0338435	-4.9799022	Morocco
University of Wisconsin La Crosse	1	43.8160517	-91.23115159999999	United States
Universityersité Du Sud Toulonvar	2			
Universityersité De Versailles Saintquentinenyvelines	2	48.799627	2.1415644	France
University of Lethbridgeab	1	49.6786136	-112.8596223	Canada
University of Exeter	5	50.7371369	-3.5351475	United Kingdom
University S Carolina	8	33.996112	-81.0274276	United States
Sw Texas State University	1	29.888411	-97.938351	United States
Baylor University	7	31.549841	-97.1143146	United States
Ne Normal University	1	40.5122833	-88.9946702	United States
University Puerto Rico	2	18.40461	-66.050151	Puerto Rico
University Fed Bahia	1	-13.0024602	-38.50897519999999	Brazil
St Johns University	4	40.7215967	-73.7946899	United States
Indiana State University	1	39.4705314	-87.41037360000001	United States
Universityersitat De València	3			
La Trobe University	5	-37.7206671	145.048414	Australia
Ludwigmaximiliansuniversityersität	1			
Murray State University	1	36.6163842	-88.3214979	United States
University Kansas	6	38.9543439	-95.2557961	United States
Open University	6	52.0250351	-0.7084034	United Kingdom
Graz University	3	47.0777872	15.4499126	Austria
University of Cologne	10	50.9281625	6.9288192	Germany
Flinders University S Australia	2	-35.0244952	138.5713281	Australia
University of Melbourne	3	-37.7963689	144.9611738	Australia
Montclair State Universityersitynj	1	40.8644792	-74.19855969999999	United States
Redeemer University College	1	43.207185	-79.948979	Canada
University Maine	1	44.9012197	-68.6666508	United States
University of California At Santa Barbara	3	34.4139629	-119.848947	United States
University of Trier	1	49.7457597	6.6884698	Germany
Heidelberg University	7	41.1148471	-83.16748539999999	United States
Western University	1	40.476174	-90.684401	United States
Xiamen University	1	24.4373484	118.097855	China
Northern Illinois University	3	41.934233	-88.774069	United States
Queen’S University	2	44.2252795	-76.49514119999999	Canada
Canterbury Christchurch University	1	51.277939	1.090659	United Kingdom
Central State University	2	39.7167824	-83.8764702	United States
Ireland Purdue University	1	40.4237054	-86.92119459999999	United States
University Sao Paulo	1	-23.5613991	-46.7307891	Brazil
University of California George Washington University Department of Political Science	1	38.8985349	-77.0469574	United States
University Complutense De Madrid	3	40.4478246	-3.728587199999999	Spain
University of Minnesota	3	44.97399	-93.2277285	United States
University of South Carolina	8	33.996112	-81.0274276	United States
University Barcelona	2	41.386608	2.16402	Spain
University Massachusetts Amherst	1	42.3911569	-72.5267121	United States
Middlesex University Business School	1	51.589755	-0.228299	United Kingdom
Mount Saint Vincent University	1	44.671308	-63.64397	Canada
University of Southern Indiana	2	37.9582437	-87.67469380000001	United States
Kansai University	2	34.774437	135.5118989	Japan
University Trier	1	49.7457597	6.6884698	Germany
University Queensland	1	-27.4954306	153.0120301	Australia
University Miami	5	25.7191685	-80.2771253	United States
University So Calif	9	34.0223519	-118.285117	United States
Danube University Krems	1	48.4081548	15.5862305	Austria
Petru Maior University	1	46.5472263	24.5682393	Romania
Utrecht University Humanistiek	1	52.0917251	5.1255997	Netherlands
Brunel University	6	51.53315809999999	-0.4692108	United Kingdom
University of Extremadura	2	38.8834145	-7.0052862	Spain
University Presov	1	48.99129019999999	21.2329572	Slovakia
University of Michigan	8	42.2780436	-83.7382241	United States
University Nis	1	43.3229647	21.8932771	Serbia
University of The West Indies	3	18.0060132	-76.7471032	Jamaica
Uit University of Tromsø	1	69.679788	18.9710079	Norway
Austria University of Ottawa	1	45.42310639999999	-75.68313289999999	Canada
University of Huddersfield	2	53.6428386	-1.7780881	United Kingdom
Ludwigmaximiliansuniversityersität München	2			
University of Erfurt	1	50.991332	11.009202	Germany
Dominican University	1	41.9024125	-87.8220588	United States
Frankfurt University of Applied Sciences	1	50.1286856	8.6916861	Germany
Bonn University	1	50.7267715	7.0865227	Germany
Ca 94704 Usa New Mexico State University	1	32.2787745	-106.7479059	United States
Spain Georgetown University	1	38.90892059999999	-77.07366449999999	United States
University Ulster	1	55.0062362	-7.3236107	United Kingdom
University of Washington	2	47.65533509999999	-122.3035199	United States
Western Kentucky University	3	36.9853543	-86.456138	United States
Glasgow Caledonian University	3	55.8661538	-4.2508041	United Kingdom
University of Turin	2	45.06942799999999	7.6889006	Italy
Universityersitat Politècnica De Catalunya Upc	1	41.388004	2.1132804	Spain
Lucian Blaga University	1	45.7906228	24.1451866	Romania
University Reading	5	51.4414205	-0.9418157	United Kingdom
University Brighton	4	42.5447978	-83.79526740000001	United States
University of Victoria	6	48.4634067	-123.3116935	Canada
The University of Hull	1	53.7737034	-0.3680781	United Kingdom
Southern University	1	30.5267645	-91.1935768	United States
University Illinois	9	40.1019523	-88.2271615	United States
Int Islamic University Malaysia	1	3.2513186	101.7362005	Malaysia
University Pablo De Olavide	2	37.3552405	-5.937404099999999	Spain
University New Haven	1	41.2907035	-72.9616437	United States
Syracuse University	4	43.0391534	-76.1351158	United States
Concordia University In Montreal	2	45.4972657	-73.5790227	Canada
Clark University	2	42.2523452	-71.8246703	United States
Loyola University Chicago	1	41.998997	-87.6581921	United States
Duke University School of Law	2	35.999804	-78.945318	United States
Universityersität Münster	2			
University of Tartu	3	58.3810843	26.7198659	Estonia
Hong Kong University of Science And Technology	2	22.3363998	114.2654655	Hong Kong
Wilfrid Laurier University	3	43.4723532	-80.5263399	Canada
University Paris 09	1	48.870029	2.273451	France
Calif State University Long Beach	2	33.7838235	-118.1140904	United States
University Porto	1	41.1465479	-8.6156998	Portugal
Erasmus University	2	51.91752	4.525585	Netherlands
University Nebraska Lincoln	1	40.8201966	-96.70047629999999	United States
Calif State University Chico	1	39.729575	-121.8473287	United States
Denison University	1	40.0734583	-82.5223309	United States
Hong Kong University Sci Technol	1	22.3363998	114.2654655	Hong Kong
University Med Dent New Jersey	1	40.4946833	-74.44917370000002	United States
University Prince Edward Isl	2	46.256781	-63.13887799999999	Canada
Hofstra University	4	40.716792	-73.5994041	United States
University Teesside	2	54.5706735	-1.2352742	United Kingdom
Ruhr University Bochum	1	51.44566589999999	7.261609300000001	Germany
Northeastern University	6	42.3398067	-71.0891717	United States
W Virginia University	7	39.6361396	-79.95593579999999	United States
University Duisburgessen	2	51.4277172	6.801007999999999	Germany
University Oregon	4	44.0448302	-123.0726055	United States
University Findlay	1	41.054643	-83.6547373	United States
University Cambridge Queens Coll	1	52.201821	0.114387	United Kingdom
University of Roma Tre	5	41.862585	12.479095	Italy
University of Derby	2	52.9384633	-1.4965209	United Kingdom
Rostock University	1	54.0755448	12.1035044	Germany
Tech University Denmark	2	55.7855742	12.521381	Denmark
University Dortmund	1	51.4926981	7.412838600000001	Germany
University Seville	3	37.3807579	-5.9912307	Spain
University of Amsterdam	15	52.35581819999999	4.955726299999999	Netherlands
Ohio Weslean University	1	40.2966234	-83.0700693	United States
New Sch University	1	40.735547	-73.994297	United States
University Gottingen	3	51.5408116	9.9374005	Germany
University of Mary Washington	2	38.3021703	-77.4742587	United States
Institute For European Studies Vrije Universityersiteit Brussel	1	50.821658	4.394886	Belgium
University Tulsa	4	36.1519879	-95946	United States
Yeditepe University	1	40.9730151	29.1525865	Turkey
University of Californiasan Diego	1	32.8800604	-117.2340135	United States
Sorbonnenouvelle University of Paris Iii	1	48.83979619999999	2.3538807	France
University Curacao	1	12.157384	-68.96103819999999	Curaçao
University of Greifswald	2	54.095094	13.3746059	Germany
University of Hong Kong	2	22.2829989	114.1370848	Hong Kong
Classics And Archaeology University of Edinburgh	2	55.94501899999999	-3.190627	United Kingdom
Fl 33149 Usa University Miami	1	25.732401	-80.162762	United States
University of Paris 13	2	48.95620900000001	2.341461	France
University Alexandru Ioan Cuza	1	47.1750158	27.574087	Romania
State University Ghent	1	51.0465619	3.727918099999999	Belgium
Montana State University	1	45.6667557	-111.04981	United States
University of Wollongong	1	-34.4054039	150.87843	Australia
Ohio State University	5	40.0141905	-83.03091429999999	United States
Regensburg University	1	48.9986882	12.0945473	Germany
Islamic Azad University	2	35.715291	51.4007017	Iran
University of Zaragoza	3	41.6420639	-0.9015065	Spain
University of Bologna	7	44.4962318	11.354157	Italy
University Sci Technol Lille Lille 1	1	50.609049	3.138063	France
University Oxford St Antonys Coll	1	51.763484	-1.263037	United Kingdom
University Paris Ouest Nanterre	2	48.90339900000001	2.211274	France
University Ghent	10	51.0465619	3.727918099999999	Belgium
University of Massachusettsboston	1	42.3148413	-71.0367377	United States
Victoria University of Wellington	6	-41.2904017	174.7686615	New Zealand
Millersville University Pennsylvania	1	39.9976889	-76.3544283	United States
St Johns University School of Law	1	40.721596	-73.79476009999999	United States
Florida Atlantic University	2	26.3739379	-80.10152769999999	United States
University Nacl La Plata	1			
University Glamorgan	2	51.589382	-3.328857	United Kingdom
Institute For Writing Studies of St Johns University	1	40.7215967	-73.7946899	United States
Booth University College	2	49.89322869999999	-97.15179429999999	Canada
Montana State University Billings	1	45.7968435	-108.5220124	United States
University Edinburgh	18	55.9445158	-3.1892413	United Kingdom
Bern University	2	46.9504896	7.438119	Switzerland
Aix Marseille University	2	43.29362099999999	5.358066	France
University Bucharest	2	44.435458	26.1012481	Romania
Michigan Technol University	1	47.1149065	-88.54530729999999	United States
University Paris 13	1	48.95620900000001	2.341461	France
University of Trieste	2	45.658667	13.7934477	Italy
University of Duisburgessen	1	51.4277172	6.801007999999999	Germany
University of Western Ontario	5	43.0095971	-81.2737336	Canada
Bethunecookman University	3	29.2110102	-81.03157499999999	United States
University Cordoba	1	37.884806	-4.7873239	Spain
University of Mainz	2	49.9926403	8.241555199999999	Germany
Villanova University	2	40.037056	-75.34358	United States
Ca 91109 Usa University Rhode Isl	1	41.4860647	-71.5308537	United States
University of The Western Cape	1	-33.9335203	18.627958	South Africa
Eastern New Mexico University	3	34.1789822	-103.347983	United States
University Bern	2	46.9504896	7.438119	Switzerland
Russia Moscow Mv Lomonosov State University	1	55.70393490000001	37.5286696	Russia
University of Westminster	2	51.5168133	-0.143205	United Kingdom
Bursa Orhangazi University	3	40.1869788	29.1309135	Turkey
George Mason University	15	38.8315541	-77.3120885	United States
University of Hull	8	53.7737034	-0.3680781	United Kingdom
United States University of California	1	34.4139629	-119.848947	United States
Universityersita Del Piemonte Orientale	2			
Fl 33701 Usa University S Carolina	1	27.763644	-82.63555889999999	United States
Salem State University	5	42.503103	-70.890682	United States
Denmark University of Oxford	1	51.7548164	-1.2543668	United Kingdom
East Stroudsburg University	7	40.9970909	-75.172533	United States
University Paris Est Marne La Vallee	1	48.840109	2.586253	France
Mem University Newfoundland	2	47.5737975	-52.7329053	Canada
Longwood University	1	37.29717979999999	-78.3961973	United States
Russian Federation Carleton University	1			
University of Colorado	2	40.00758099999999	-105.2659417	United States
University Cambridge	11	52.2042666	0.1149085	United Kingdom
University of Reading	5	51.4414205	-0.9418157	United Kingdom
Dongeui University	1	35.1429679	129.0340908	South Korea
Eberhardkarlsuniversityersität	1			
University of Siena	1	43.3191736	11.3329505	Italy
University of Colorado At Boulder	2	40.00758099999999	-105.2659417	United States
University of Sunderland	1	54.90448989999999	-1.3919524	United Kingdom
San Francisco State University	2	37.721897	-122.4782094	United States
University Kentucky	3	38.0306511	-84.5039697	United States
University Geneva	3	40.7713156	-80.3218472	United States
University of Konstanz	2	47.689426	9.1868777	Germany
University Texas	3	30.2849185	-97.7340567	United States
University Marine Biol Stn	1	36.6190883	-121.9046041	United States
University of Chicago Law School	1	41.7850601	-87.5990015	United States
University Del Rosario	1	4.6001576	-74.0734574	Colombia
Willamette University	3	44.9359709	-123.0318598	United States
Bond University	1	-28.0730934	153.4166377	Australia
Warsaw University Life Sci	1	52.1621201	21.0467135	Poland
University Roma Tre	2	41.862585	12.479095	Italy
Mem University	1	35.118741	-89.937141	United States
Depauw University	1	39.6393943	-86.86289459999999	United States
University Gothenburg	6	57.6981719	11.971878	Sweden
Queens University Belfast	13	54.5844087	-5.9340493	United Kingdom
University Politécnica De Madrid	2	40.4486372	-3.7192798	Spain
Suffolk University	6	42.3585205	-71.0613561	United States
Alexander Dubcek University Trencin	4	48.898708	18.047361	Slovakia
University of Portsmouth	3	50.79512870000001	-1.0935686	United Kingdom
United States University of Chicago	1	41.7886079	-87.5987133	United States
Washington Lee University	1	37.7904861	-79.4449563	United States
University of Groningen	3	53.2192634	6.562987199999999	Netherlands
Western Illinois University	1	40.476174	-90.684401	United States
Eastern Illinois University	8	39.4780293	-88.1759052	United States
University of East Anglia	2	52.6219215	1.2391761	United Kingdom
Memorial University	3	47.5737975	-52.7329053	Canada
Helmutschmidtuniversityersity	1	53.5685678	10.1102543	Germany
Essca School of Management France Maastricht University	1			
University of Illinois At Urbanachampaign	2	40.1019523	-88.2271615	United States
Philippsuniversityersity Marburg	1	50.8106859	8.7741641	Germany
Pacific Lutheran University	3	47.1453532	-122.4440668	United States
Yonsei University	1	37.565784	126.938572	South Korea
Universityersitätsstrasse 10	1			
Loughborough University	8	52.769227	-1.224632	United Kingdom
Long Isl University	1	40.691148	-73.98079899999999	United States
University of Nottingham	19	52.938636	-1.1951582	United Kingdom
University Leicester	4	52.6211393	-1.1246325	United Kingdom
Stockton University	3	39.4941665	-74.53237949999999	United States
University Erlangen Nurnberg	2	49.5978804	11.0045507	Germany
Temple University Libs	1	39.9809391	-75.154457	United States
Norwegian University Sci Technol Ntnu	1	63.41949899999999	10.4020771	Norway
University of Miami	4	25.7191685	-80.2771253	United States
University Bremen	4	53.10675800000001	8.852039999999999	Germany
Uit University Tromso	1	69.679788	18.9710079	Norway
University of Antwerp	3	51.2228097	4.4102318	Belgium
Austria University of Michigan	1	42.2780436	-83.7382241	United States
University of Sussex	10	50.86708950000001	-0.08791399999999999	United Kingdom
University of Bialystok	1	53.1279257	23.1586545	Poland
Kingston University	3	51.4032431	-0.3034882	United Kingdom
University Sussex	9	50.86708950000001	-0.08791399999999999	United Kingdom
France University of Oregon	1	44.0458255	-123.0751189	United States
Simon Fraser University	7	49.2780937	-122.9198833	Canada
Bowie State University	1	39.0192914	-76.7594039	United States
Leibniz University of Hannover	1	52.3829641	9.7196989	Germany
University Grenoble	1	45.1906157	5.7749356	France
University Paris 03	1	48.83979619999999	2.3538807	France
University Ontario Inst Technol	1	43.9458718	-78.8967375	Canada
Emeritus of Tokyo University	1	35.7126775	139.761989	Japan
Rowan University	2	39.7098595	-75.1189478	United States
Austria University New Mexico	1	32.2787745	-106.7479059	United States
Central European University Budapest	1	47.5005395	19.04958	Hungary
University Mannheim	2	49.48371059999999	8.4622333	Germany
Switzerland University of Tampere	1	61.49374479999999	23.7787354	Finland
University Bretagne Occidentale	1	48.3980356	-4.5076415	France
Free University Amsterdam	2	52.3337568	4.8657199	Netherlands
University of Stirling	7	56.1459171	-3.918879	United Kingdom
Spiru Haret University	1	44.4332166	26.1009718	Romania
Tufts Universityersityma	1	42.4074843	-71.1190232	United States
University of Arkansas	6	36.0678324	-94.17365509999999	United States
Bridgewater State University	2	41.9877398	-70.9660014	United States
University Texas Pan Amer	1	26.3069259	-98.17476990000002	United States
University of Central Arkansas	2	35.0780913	-92.4579383	United States
Acquisitions Department Milton S Eisenhower Library Johns Hopkins University Baltimore	1	39.329053	-76.61942499999999	United States
University Westminster	1	51.5168133	-0.143205	United Kingdom
Netherlands University Utrecht	1	52.0901527	5.1226018	Netherlands
Western Michigan University	5	42.2837336	-85.6102507	United States
University of Palermo	3	38.11779	13.369838	Italy
Quinnipiac University	1	41.41968190000001	-72.8952178	United States
American University	6	38.9399652	-77.0880213	United States
University of Wisconsin Law School	1	43.0744766	-89.402378	United States
University Western Ontario	2	43.0095971	-81.2737336	Canada
Vrije University Brussel	1	50.821658	4.394886	Belgium
Stockholm University	4	59.36276469999999	18.0592677	Sweden
University of Freiburg	3	47.9935441	7.845949599999999	Germany
St Lawrence University	2	44.5892119	-75.1608814	United States
Department of Middle Eastern Studies At Barilan University	2	32.0691989	34.8430876	Israel
University Trent	1	44.3571304	-78.290363	Canada
University Calif Santa Cruz	5	36.9913856	-122.0608718	United States
University Fed Amazonas Ufam	1	-3.1002521	-59.97651750000001	Brazil
The University of Virginia	2	38.0335529	-78.5079772	United States
University Calif Irvine	4	33.6404952	-117.8442962	United States
University of Zagreb	2	45.81057029999999	15.9698015	Croatia
University of Toulouse	1	43.5943757	1.4506494	France
Amer University	3	38.9399652	-77.0880213	United States
University Iowa	6	41.6626963	-91.5548998	United States
University of Durham	4	54.7649859	-1.5782029	United Kingdom
University of Texas	11	30.2849185	-97.7340567	United States
Bath University	1	51.3781162	-2.3272635	United Kingdom
Universityersité Laval	4			
University of Lille 3	2	50.6275863	3.1263292	France
Brest University Hosp	1	41.5076487	-81.6058718	United States
University of Wolverhampton	2	52.587214	-2.127525	United Kingdom
Universityersité De Montréal	4			
Maynooth University	6	53.3835961	-6.6005536	Ireland
Natl University Ireland Galway	1	53.27664499999999	-9.061603	Ireland
University Cent Lancashire	5	53.7645034	-2.7083505	United Kingdom
Mt Royal University	2	51.0111345	-114.1318301	Canada
City University of New York Graduate Center	2	40.748449	-73.9834916	United States
University N Dakota	1	47.922891	-97.0768014	United States
University No British Columbia	2	49.26060520000001	-123.2459938	Canada
Fayetteville State Universityersitync	1	35.0742206	-78.8924896	United States
University Paris 02	1	48.8469373	2.344468	France
University of Warsaw	6	52.2403463	21.0186012	Poland
Long Island University Liu	1	40.691148	-73.98079899999999	United States
University of Passau	2	48.5670466	13.4517835	Germany
North Carolina State University	7	35.7846633	-78.6820946	United States
Old Dominion Universityersityva	1			
Netherlands University Amsterdam	1	52.35581819999999	4.955726299999999	Netherlands
University Orange Free State	1	-29.1112771	26.1869783	South Africa
Eu And International Law At Leiden University	1			
Md 21202 Usa Johns Hopkins University	1	39.3299013	-76.6205177	United States
Utah State University	4	41.745161	-111.8097425	United States
Georgetown Universityersitys	1	38.9076089	-77.07225849999999	United States
University Florence	2	43.7776426	11.259765	Italy
University Hawaii Manoa	2	21.296939	-157.8171118	United States
Loyola University	2	41.998997	-87.6581921	United States
Florida Int University	4	25.756576	-80.373949	United States
George Washington University	18	38.8997145	-77.0485992	United States
Hampton University	1	37.0228392	-76.3343603	United States
University Oxford Wolfson Coll	1	51.770973	-1.25522	United Kingdom
Delft University Technol	1	51.99625589999999	4.3758659	Netherlands
University of Utah	2	40.7649368	-111.8421021	United States
University Houston	2	29.7199489	-95.3422334	United States
California State Polytechnic University	2	34.0575651	-117.820741	United States
University of Otago	1	-45.8646835	170.5144227	New Zealand
University Oxford	13	51.7548164	-1.2543668	United Kingdom
University Oxford Nuffield Coll	1	51.7527214	-1.2624309	United Kingdom
Mit University	2	42.360091	-71.09416	United States
Chiba University	1	35.6262467	140.1024122	Japan
Istanbul Medeniyet University	1	40.99531289999999	29.0645701	Turkey
University Georgia	7	33.9480053	-83.3773221	United States
University Pacific	1	37.9808152	-121.3120225	United States
University Michigan	6	42.2780436	-83.7382241	United States
Rutgers State University	9	40.4981958	-74.44679579999999	United States
Netherlands Erasmus University	1	51.91752	4.525585	Netherlands
University Appl Sci	1	43.660131	-79.3959928	Canada
University Western Sydney	1	-33.867374	151.2103352	Australia
Tech University Ostrava	3	49.8336826	18.1636092	Czechia
Nc State University	1	35.7846633	-78.6820946	United States
Alma Mater Studiorum Universityersità Di Bologna	1	44.4962318	11.354157	Italy
James Cook University	2	-19.326378	146.7572865	Australia
Montclair State University	1	40.8644792	-74.19855969999999	United States
State University of New York At Fredonia	1	42.4538665	-79.34036329999999	United States
University Cambridge Girton Coll	1	52.2292997	0.0842694	United Kingdom
University of Essex	3	51.87772589999999	0.9472069000000001	United Kingdom
University Zagreb	3	45.81057029999999	15.9698015	Croatia
University Chicago	10	41.7886079	-87.5987133	United States
New York University	12	40.72951339999999	-73.9964609	United States
University Nacional De La Plata	1	-34.9128319	-57.95116290000001	Argentina
University Coll	2	51.52455920000001	-0.1340401	United Kingdom
University Molise	1	41.554065	14.667139	Italy
University of Missouri	3	38.9403808	-92.32773750000001	United States
University Texas El Paso	3	31.7708544	-106.5046216	United States
So Illinois University	3	37.7090577	-89.22491339999999	United States
Institute of Geography University of Bordeaux Iii	2	44.795412	-0.6163179999999999	France
University North Carolina	21	35.9049122	-79.0469134	United States
Cyprus University Technol	1	34.6766777	33.0445361	Cyprus
University of Washington University of Twente	1	47.65533509999999	-122.3035199	United States
University of Florence	2	43.7776426	11.259765	Italy
Ruhruniversityersity Bochum	2	51.44566589999999	7.261609300000001	Germany
University Tarapaca	1	-20.2336753	-70.14121759999999	Chile
Belgium University of Chicago	1	41.7886079	-87.5987133	United States
National University of Ireland	2	53.27664499999999	-9.061603	Ireland
University Tennessee	3	35.9544013	-83.92945639999999	United States
University Auckland	1	-36.8523378	174.7691073	New Zealand
University Cattolica Milano	1	45.4621325	9.177178500000002	Italy
Yale University	26	41.3163244	-72.92234309999999	United States
Tokyo University of Foreign Studies	1	35.673444	139.519935	Japan
Mt Allison University	1	45.8983184	-64.3731004	Canada
Ball State University	4	40.2061028	-85.40698599999999	United States
Michigan State University	16	42.701848	-84.4821719	United States
John Carroll University Outside	1	41.4905062	-81.5293126	United States
Universityersitat Pompeu Fabra	3	41.3789689	2.179794100000001	Spain
Loyola Marymount University	2	33.9698183	-118.4184969	United States
Economics Istanbul Teknik Universityersitesi Istanbul Turkey	1			
University of Oviedo	1	43.3617179	-5.8462773	Spain
S Dakota State University	2	44.3189457	-96.783968	United States
University Florida	5	29.6436325	-82.3549302	United States
University of Neuchatel	1	46.9938549	6.9387031	Switzerland
Universityersité De Lyon	1			
Salzburg University	1	47.797324	13.04817	Austria
University Cambridge Trinity Coll	1	52.2069577	0.1130816	United Kingdom
Humboldt University	9	40.8752748	-124.077821	United States
University Hartford	1	41.7985989	-72.7140002	United States
Georgaugustuniversityersity	1			
No Kentucky University	2	39.0318034	-84.4643828	United States
University De Córdoba	1	37.884806	-4.7873239	Spain
Lake University	1	29.4264099	-98.5433654	United States
United States University of Cambridge	1	40.7555816	-73.98277809999999	United States
University Massachusetts Boston	1	42.3148413	-71.0367377	United States
University Wisconsin Madison	2	43.076592	-89.4124875	United States
University Marburg	2	50.8106859	8.7741641	Germany
Redeemer University Coll	1	43.207185	-79.948979	Canada
E Carolina University	1	35.6055108	-77.3645653	United States
University of Californiasanta Barbara	1	34.4139629	-119.848947	United States
Universityersité De Fribourg	1			
University Bamberg	1	49.8938345	10.886138	Germany
University De Málaga	2	36.7199506	-4.4160927	Spain
University Keele	3	53.00343729999999	-2.272053000000001	United Kingdom
University of Massachusetts	6	42.3911569	-72.5267121	United States
Norwegian University of Science And Technology	1	63.41949899999999	10.4020771	Norway
Vu University	2	52.3337568	4.8657199	Netherlands
University Bath	4	51.3781162	-2.3272635	United Kingdom
University Maryland	7	38.9869183	-76.9425543	United States
University Liege	3	50.5830803	5.559063999999999	Belgium
University De Sevilla	2	37.3807579	-5.9912307	Spain
Drexel University College of Medicine	1	40.0193227	-75.1796122	United States
Paris 1Panthéonsorbonne University	1	48.8469373	2.344468	France
Russia University Gerona	1	41.9630744	2.8304109	Spain
University of Medicine And Dentistry of New Jersey	2	40.74353	-74.1907274	United States
University Autonoma Yucatan	1	20.96965	-89.623128	Mexico
Nipissing University	1	46.34301259999999	-79.49278960000001	Canada
Purdue University	6	40.4237054	-86.92119459999999	United States
Leibniz University Hannover	1	52.3829641	9.7196989	Germany
University of Maribor	2	46.5591885	15.6433073	Slovenia
Wayne State University	1	42.3591388	-83.06654619999999	United States
University Sorbonne Nouvelle – Paris 3	2	48.83979619999999	2.3538807	France
Fordham University	2	40.8620404	-73.88569869999999	United States
Aixmarseille Universityersité	2			
University of Göttingen	1	51.5408116	9.9374005	Germany
Belgium Ghent University	1	51.0465619	3.727918099999999	Belgium
University of Tampere	5	61.49374479999999	23.7787354	Finland
Catholic University Louvain	2	50.66968749999999	4.6155909	Belgium
United Kingdom Duke University	1	36.0014258	-78.9382286	United States
University Int Roma Unint	1	41.859918	12.4966143	Italy
Sonoma State University	2	38.3393866	-122.6741812	United States
Louisiana State University	10	30.4132579	-91.1800023	United States
Johns Hopkins Universityersitymd	1	39.3299013	-76.6205177	United States
Catholic University of Portugal	1	41.1532817	-8.6721261	Portugal
University Northern Iowa	1	42.5133893	-92.4620034	United States
University De Murcia	1	38.01875100000001	-1.16938	Spain
University of Paris 8	1	48.9449361	2.3635622	France
University Potsdam	2	44.66376109999999	-74.998544	United States
University Calif Berkeley	16	37.8718992	-122.2585399	United States
The Pennsylvania State University	3	40.7982133	-77.8599084	United States
University of Grenoble	1	45.1906157	5.7749356	France
New School University	1	40.735547	-73.994297	United States
University Library	1	38.6567151	-90.30927199999999	United States
University Luxembourg	1	49.504254	5.948386	Luxembourg
Malmo University	1	55.6087954	12.9945611	Sweden
United Kingdom University of Southern Denmark	1	55.3706746	10.4280673	Denmark
University of Brighton	4	50.8420449	-0.1198916	United Kingdom
Shenandoah University	1	39.1660159	-78.1583388	United States
University Nacl Autonoma Mexico	2	19.3476893	-99.16546489999999	Mexico
University Penn	7	39.9522188	-75.1932137	United States
University of Bremen	2	53.10675800000001	8.852039999999999	Germany
University of São Paulo	2	-23.5613991	-46.7307891	Brazil
University Maryland Baltimore Cty	1	39.2556129	-76.7109751	United States
University Pompeu Fabra	2	41.3789689	2.179794100000001	Spain
Universityersité De Nice Sophia Antipolis	2			
University De Navarra	1	42.8014859	-1.6597295	Spain
Drake University	1	41.6029128	-93.65529839999999	United States
University S Florida	2	28.0587031	-82.41385389999999	United States
University Lancaster	3	54.0103942	-2.7877294	United Kingdom
Dublin City University	3	53.385062	-6.2567865	Ireland
Odense University	1	55.3706746	10.4280673	Denmark
University of Bonn	7	50.7267715	7.0865227	Germany
Depaul University	5	41.8780698	-87.6273717	United States
University of Würzburg	2	49.7830083	9.9708462	Germany
St Marys University	1	29.4523378	-98.5640981	United States
University of Oslo	5	59.9399586	10.7217496	Norway
University San Pabloceu	1	40.4427194	-3.718373699999999	Spain
University De Las Palmas De Gran Canaria	1	28.0990409	-15.4198576	Spain
Canada Carleton University	1	45.3875812	-75.69602019999999	Canada
Faculty of Social Sciences At Charles University	1	50.0823432	14.4133119	Czechia
Universityersidade Nova De Lisboa	1	38.733682	-9.160333	Portugal
Nanyang Technological University	3	1.3483099	103.6831347	Singapore
University Washington	6	47.65533509999999	-122.3035199	United States
Lancaster University Law School	2	39.714204	-82.59958499999999	United States
University Turin	1	45.06942799999999	7.6889006	Italy
University Lodz	1	51.77207749999999	19.4740065	Poland
Universityersità Di Firenze	1	43.7776426	11.259765	Italy
University of Waterloo	5	43.4722854	-80.5448576	Canada
Miami Ohio University	2	39.5105334	-84.73087679999999	United States
University San Francisco	1	37.7766466	-122.450683	United States
Georg August University Gottingen	1	51.5408116	9.9374005	Germany
Natl Def University Indus Coll	1	38.8667772	-77.01455229999999	United States
Bucknell University	7	40.9546869	-76.8835514	United States
Centre For Transdisciplinary Development Studiesuniversityersity of Trásosmontes And Alto Douro	1			
University of Zilina	1	49.2040671	18.7548664	Slovakia
University of Akron	4	41.076655	-81.5113386	United States
No Illinois University	1	41.934233	-88.774069	United States
University Rochester	4	43.1305531	-77.6260033	United States
University of Coloradoboulder	2	40.00758099999999	-105.2659417	United States
University of Auckland	1	-36.8523378	174.7691073	New Zealand
Indiana Universityersitypurdue University	2	39.7738832	-86.1763393	United States
University Tartu	1	58.3810843	26.7198659	Estonia
Moscow Mv Lomonosov State University	4	55.70393490000001	37.5286696	Russia
Friedrich Schiller University	2	50.9295513	11.5898195	Germany
Rutgers Universityersitynewark	1	40.7416983	-74.17418909999999	United States
University Southampton	12	50.9365797	-1.3960169	United Kingdom
University of Nevada	2	39.5441917	-119.816397	United States
University of Ulster	6	55.0062362	-7.3236107	United Kingdom
California Polytechnic State University	3	35.3050053	-120.6624942	United States
Victoria University Wellington	4	-41.2904017	174.7686615	New Zealand
University De Brown	3	41.8267718	-71.4025482	United States
University Nottingham	14	52.938636	-1.1951582	United Kingdom
University Macau	1	22.1294181	113.5449113	China
Muskingum University	1	39.9996605	-81.7378895	United States
Universityersité De Lyon Ii	1			
Core Curriculum At Columbia University	1	40.8068461	-73.9616453	United States
Warsaw University	1	52.2403463	21.0186012	Poland
University Montevallo	1	33.1067187	-86.86541679999999	United States
Philipps University Marburg	1	50.8106859	8.7741641	Germany
Cuny Grad Sch University Ctr	1	40.748449	-73.9834916	United States
University of Jena	1	50.9295513	11.5898195	Germany
University Missouri	2	38.9403808	-92.32773750000001	United States
University of Liège	2	50.5830803	5.559063999999999	Belgium
University of Athens And Hellenic Foundation	2			
University Sheffield	8	53.3809409	-1.4879469	United Kingdom
National Defense University	2	38.8667772	-77.01455229999999	United States
Norway University of Oslo	1	59.9399586	10.7217496	Norway
University of Southampton	11	50.9365797	-1.3960169	United Kingdom
International University Bremen	2	53.16771689999999	8.6542654	Germany
University Pablo Olavide	1	37.3552405	-5.937404099999999	Spain
History Edge Hill University	2	53.5596834	-2.8738498	United Kingdom
University Navarra	2	42.8014859	-1.6597295	Spain
Washington State University Libs	1	46.730882	-117.163458	United States
Tech University Clausthal	1	51.80454	10.33415	Germany
Cent Michigan University	3	43.5819086	-84.7756364	United States
Anglia Polytech University	1	52.2032672	0.1345112	United Kingdom
University of Chester	2	53.20027109999999	-2.8991705	United Kingdom
University of West England	1	51.5001344	-2.5475301	United Kingdom
Universityersità Degli Studi Lorientale	1			
University Amsterdam	13	52.35581819999999	4.955726299999999	Netherlands
University So Denmark	3	55.3706746	10.4280673	Denmark
Catholic University of America	2	38.9368811	-76.99869199999999	United States
University Warwick	10	52.3792525	-1.5614704	United Kingdom
University Zurich	2	47.3743221	8.550981199999999	Switzerland
Florida State University College of Law	1	30.4390929	-84.2868109	United States
